city,official_code,school_name,campus_name,campus_address,dining_venue,floor,source_date,campus_source_url,source_url,review_status,reviewed_at,verification_basis
乌鲁木齐市,4165010760,新疆医科大学,新医路校区,新疆维吾尔自治区乌鲁木齐市新市区新医路393号,新怡餐厅,1号公寓一楼、二楼,,https://gjjyxy.xjmu.edu.cn/info/1061/1128.htm,https://gjjyxy.xjmu.edu.cn/info/1061/1128.htm,confirmed_official_source,2026-08-11,2026-08-11重新查阅高校官方页面；页面同时明确校区、餐饮点和楼层
乌鲁木齐市,4165010760,新疆医科大学,新医路校区,新疆维吾尔自治区乌鲁木齐市新市区新医路393号,杏林餐厅,5号公寓楼一楼,,https://gjjyxy.xjmu.edu.cn/info/1061/1128.htm,https://gjjyxy.xjmu.edu.cn/info/1061/1128.htm,confirmed_official_source,2026-08-11,2026-08-11重新查阅高校官方页面；页面同时明确校区、餐饮点和楼层
兰州市,4162010730,兰州大学,城关校区西区,甘肃省兰州市城关区天水南路222号,丹桂苑食堂,一楼、二楼、三楼,2020-03-12,https://zsb.lzu.edu.cn/zhaoshengzixun/changjianwenti/2020/0312/122355.html,https://zsb.lzu.edu.cn/zhaoshengzixun/changjianwenti/2020/0312/122355.html,confirmed_official_source,2026-08-11,2026-08-11重新查阅高校官方页面；页面同时明确校区、餐饮点和楼层
兰州市,4162010730,兰州大学,榆中校区,甘肃省兰州市榆中县夏官营镇,桃李食园（清真）,一楼,2020-03-12,https://zsb.lzu.edu.cn/zhaoshengzixun/changjianwenti/2020/0312/122355.html,https://zsb.lzu.edu.cn/zhaoshengzixun/changjianwenti/2020/0312/122355.html,confirmed_official_source,2026-08-11,2026-08-11重新查阅高校官方页面；页面同时明确校区、餐饮点和楼层
兰州市,4162010730,兰州大学,榆中校区,甘肃省兰州市榆中县夏官营镇,玉树苑,一楼、二楼、三楼（第三层为清真食堂）,2020-03-12,https://zsb.lzu.edu.cn/zhaoshengzixun/changjianwenti/2020/0312/122355.html,https://zsb.lzu.edu.cn/zhaoshengzixun/changjianwenti/2020/0312/122355.html,confirmed_official_source,2026-08-11,2026-08-11重新查阅高校官方页面；页面同时明确校区、餐饮点和楼层
兰州市,4162010730,兰州大学,榆中校区,甘肃省兰州市榆中县夏官营镇,综合体食堂,负一楼至四楼,2020-03-12,https://zsb.lzu.edu.cn/zhaoshengzixun/changjianwenti/2020/0312/122355.html,https://zsb.lzu.edu.cn/zhaoshengzixun/changjianwenti/2020/0312/122355.html,confirmed_official_source,2026-08-11,2026-08-11重新查阅高校官方页面；页面同时明确校区、餐饮点和楼层
兰州市,4162010730,兰州大学,榆中校区,甘肃省兰州市榆中县夏官营镇,芝兰苑,一楼、二楼,2020-03-12,https://zsb.lzu.edu.cn/zhaoshengzixun/changjianwenti/2020/0312/122355.html,https://zsb.lzu.edu.cn/zhaoshengzixun/changjianwenti/2020/0312/122355.html,confirmed_official_source,2026-08-11,2026-08-11重新查阅高校官方页面；页面同时明确校区、餐饮点和楼层
南宁市,4145010593,广西大学,广西大学主校区,广西南宁市大学东路100号,南苑餐厅,一楼,,https://www.gxu.edu.cn/,https://www.gxu.edu.cn/info/1364/30499.htm,confirmed_official_source,2026-08-11,历史A级官方证据快照；校区与餐饮来源当前均返回2xx；已剔除异地校区和不明确楼层
南宁市,4145010593,广西大学,广西大学主校区,广西南宁市大学东路100号,秀苑餐厅,一楼、二楼,,https://www.gxu.edu.cn/,https://www.gxu.edu.cn/info/1004/32126.htm,confirmed_official_source,2026-08-11,历史A级官方证据快照；校区与餐饮来源当前均返回2xx；已剔除异地校区和不明确楼层
南宁市,4145010593,广西大学,广西大学主校区,广西南宁市大学东路100号,萃苑餐厅,一楼,,https://www.gxu.edu.cn/,https://www.gxu.edu.cn/info/1364/30499.htm,confirmed_official_source,2026-08-11,历史A级官方证据快照；校区与餐饮来源当前均返回2xx；已剔除异地校区和不明确楼层
南昌市,4136010403,南昌大学,东湖校区,江西省南昌市东湖区,东湖校区南院食堂,一楼,,https://www.ncu.edu.cn/info/1008/1102.htm,https://www.ncu.edu.cn/info/1010/31771.htm,confirmed_official_source,2026-08-11,历史A级官方证据快照；校区与餐饮来源当前均返回2xx；已剔除异地校区和不明确楼层
合肥市,4134010359,合肥工业大学,屯溪路校区,安徽省合肥市屯溪路193号,馨园食堂,二楼大厅,2025-07-08,https://zwb.hfut.edu.cn/info/1029/6075.htm,https://zwb.hfut.edu.cn/info/1029/6075.htm,confirmed_official_source,2026-08-11,2026-08-11重新查阅高校官方页面；页面同时明确校区、餐饮点和楼层
呼和浩特市,4115010126,内蒙古大学,玉泉校区,内蒙古自治区呼和浩特市玉泉区昭君路24号,东院食堂,二楼餐厅、三楼餐厅；另有一楼餐厅培训记录,,https://hqc.imu.edu.cn/,https://hqc.imu.edu.cn/info/1021/3418.htm,confirmed_official_source,2026-08-11,历史A级官方证据快照；校区与餐饮来源当前均返回2xx；已剔除异地校区和不明确楼层
呼和浩特市,4115010126,内蒙古大学,玉泉校区,内蒙古自治区呼和浩特市玉泉区昭君路24号,西院食堂,二楼餐厅；含一楼南侧营业点,,https://hqc.imu.edu.cn/,https://hqc.imu.edu.cn/info/1021/3418.htm,confirmed_official_source,2026-08-11,历史A级官方证据快照；校区与餐饮来源当前均返回2xx；已剔除异地校区和不明确楼层
哈尔滨市,4123010224,东北农业大学,哈尔滨主校区,中国哈尔滨香坊区长江路600号,棘园一楼清真窗口,棘园一楼,,https://www.neau.edu.cn/,https://www.neau.edu.cn/info/1039/30937.htm,confirmed_official_source,2026-08-11,历史A级官方证据快照；校区与餐饮来源当前均返回2xx；已剔除异地校区和不明确楼层
哈尔滨市,4123010224,东北农业大学,哈尔滨主校区,中国哈尔滨香坊区长江路600号,棘园三楼教工餐厅,棘园三楼,,https://www.neau.edu.cn/,https://www.neau.edu.cn/info/1039/30937.htm,confirmed_official_source,2026-08-11,历史A级官方证据快照；校区与餐饮来源当前均返回2xx；已剔除异地校区和不明确楼层
哈尔滨市,4123010224,东北农业大学,哈尔滨主校区,中国哈尔滨香坊区长江路600号,棘园餐厅,一楼、二楼、三楼教工餐厅,,https://www.neau.edu.cn/,https://www.neau.edu.cn/info/1039/30937.htm,confirmed_official_source,2026-08-11,历史A级官方证据快照；校区与餐饮来源当前均返回2xx；已剔除异地校区和不明确楼层
哈尔滨市,4123010225,东北林业大学,哈尔滨主校区,黑龙江省哈尔滨市香坊区和兴路26号,俭德园食堂,一层；另有美食城1-2层,,https://www.nefu.edu.cn/,https://houqin.nefu.edu.cn/info/1005/2878.htm,confirmed_official_source,2026-08-11,历史A级官方证据快照；校区与餐饮来源当前均返回2xx；已剔除异地校区和不明确楼层
哈尔滨市,4123010225,东北林业大学,哈尔滨主校区,黑龙江省哈尔滨市香坊区和兴路26号,俭德园食堂美食城,1-2层,,https://www.nefu.edu.cn/,https://houqin.nefu.edu.cn/info/1005/1661.htm,confirmed_official_source,2026-08-11,历史A级官方证据快照；校区与餐饮来源当前均返回2xx；已剔除异地校区和不明确楼层
哈尔滨市,4123010225,东北林业大学,哈尔滨主校区,黑龙江省哈尔滨市香坊区和兴路26号,颐丰园食堂,三层,,https://www.nefu.edu.cn/,https://houqin.nefu.edu.cn/info/1005/2564.htm,confirmed_official_source,2026-08-11,历史A级官方证据快照；校区与餐饮来源当前均返回2xx；已剔除异地校区和不明确楼层
天津市,4112010056,天津大学,北洋园校区,天津市津南区雅观路135号,留学生食堂,留园二层,,https://zs.tju.edu.cn/ym21/lxwm/xxlxfs.htm,https://yx.tju.edu.cn/jztd/ys/201806/t20180602_307309.htm,confirmed_official_source,2026-08-11,历史A级官方证据快照；校区与餐饮来源当前均返回2xx；已剔除异地校区和不明确楼层
天津市,4112010056,天津大学,卫津路校区,天津市南开区卫津路92号,学五食堂,二层清真食堂；三层套餐快餐等,,https://zs.tju.edu.cn/ym21/lxwm/xxlxfs.htm,https://yx.tju.edu.cn/jztd/ys/201806/t20180602_307309.htm,confirmed_official_source,2026-08-11,历史A级官方证据快照；校区与餐饮来源当前均返回2xx；已剔除异地校区和不明确楼层
天津市,4112010056,天津大学,卫津路校区,天津市南开区卫津路92号,学四食堂,一至三层,,https://zs.tju.edu.cn/ym21/lxwm/xxlxfs.htm,https://yx.tju.edu.cn/jztd/ys/201806/t20180602_307309.htm,confirmed_official_source,2026-08-11,历史A级官方证据快照；校区与餐饮来源当前均返回2xx；已剔除异地校区和不明确楼层
天津市,4112010056,天津大学,卫津路校区,天津市南开区卫津路92号,清真食堂,二层,,https://zs.tju.edu.cn/ym21/lxwm/xxlxfs.htm,https://yx.tju.edu.cn/jztd/ys/201806/t20180602_307309.htm,confirmed_official_source,2026-08-11,历史A级官方证据快照；校区与餐饮来源当前均返回2xx；已剔除异地校区和不明确楼层
天津市,4113010080,河北工业大学,北辰校区,天津市北辰区双口镇西平道5340号,东区食堂,一楼、二楼东西侧、三楼多餐厅,,https://www.hebut.edu.cn/jblm/hwjl/ylsngyxy/xysha/91731.htm,https://hq.hebut.edu.cn/gzdt/daae6bcc5ff44580ac92f1379f2ba90b.htm,confirmed_official_source,2026-08-11,历史A级官方证据快照；校区与餐饮来源当前均返回2xx；已剔除异地校区和不明确楼层
天津市,4113010080,河北工业大学,北辰校区,天津市北辰区双口镇西平道5340号,西区新食堂,含三楼火锅经营区域,,https://www.hebut.edu.cn/jblm/hwjl/ylsngyxy/xysha/91731.htm,https://hq.hebut.edu.cn/gzdt/daae6bcc5ff44580ac92f1379f2ba90b.htm,confirmed_official_source,2026-08-11,历史A级官方证据快照；校区与餐饮来源当前均返回2xx；已剔除异地校区和不明确楼层
天津市,4113010080,河北工业大学,北辰校区,天津市北辰区双口镇西平道5340号,西区食堂,一楼、二楼、三楼,,https://www.hebut.edu.cn/jblm/hwjl/ylsngyxy/xysha/91731.htm,https://hq.hebut.edu.cn/gzdt/daae6bcc5ff44580ac92f1379f2ba90b.htm,confirmed_official_source,2026-08-11,历史A级官方证据快照；校区与餐饮来源当前均返回2xx；已剔除异地校区和不明确楼层
天津市,4113010080,河北工业大学,红桥校区,天津市红桥区丁字沽光荣道8号河北工业大学东院,南院学生食堂,一楼、二楼；另有三楼委托经营公告,,https://www.hebut.edu.cn/jblm/hwjl/ylsngyxy/xysha/91731.htm,https://hq.hebut.edu.cn/gzdt/daae6bcc5ff44580ac92f1379f2ba90b.htm,confirmed_official_source,2026-08-11,历史A级官方证据快照；校区与餐饮来源当前均返回2xx；已剔除异地校区和不明确楼层
太原市,4114010112,太原理工大学,迎西校区,中国山西省太原市万柏林区迎泽西大街79号,思源餐厅,一层北、一层南、二层,,https://www.tyut.edu.cn/,https://houqin.tyut.edu.cn/info/1010/6625.htm,confirmed_official_source,2026-08-11,历史A级官方证据快照；校区与餐饮来源当前均返回2xx；已剔除异地校区和不明确楼层
太原市,4114010112,太原理工大学,迎西校区,中国山西省太原市万柏林区迎泽西大街79号,清泽餐厅,二、三层,,https://www.tyut.edu.cn/,https://houqin.tyut.edu.cn/info/1010/6625.htm,confirmed_official_source,2026-08-11,历史A级官方证据快照；校区与餐饮来源当前均返回2xx；已剔除异地校区和不明确楼层
广州市,4144010574,华南师范大学,广州校区大学城校园,广东省广州市番禺区广州大学城外环西路378号,翰园,二楼校友用餐专区,,https://www.scnu.edu.cn/,https://news.scnu.edu.cn/20277,confirmed_official_source,2026-08-11,历史A级官方证据快照；校区与餐饮来源当前均返回2xx；已剔除异地校区和不明确楼层
广州市,4144010574,华南师范大学,广州校区石牌校园,广东省广州市天河区中山大道西55号,沁园,二楼校友用餐专区,,https://www.scnu.edu.cn/,https://news.scnu.edu.cn/20277,confirmed_official_source,2026-08-11,历史A级官方证据快照；校区与餐饮来源当前均返回2xx；已剔除异地校区和不明确楼层
成都市,4151010613,西南交通大学,犀浦校区,四川省成都市郫都区犀安路999号,锦华苑餐厅,二食堂二楼,,https://www.swjtu.edu.cn/,https://hqfw.swjtu.edu.cn/xnjdhouqin/phone_article.html?id=42,confirmed_official_source,2026-08-11,历史A级官方证据快照；校区与餐饮来源当前均返回2xx；已剔除异地校区和不明确楼层
成都市,4151010613,西南交通大学,犀浦校区,四川省成都市郫都区犀安路999号,锦馨苑餐厅,四食堂二楼,,https://www.swjtu.edu.cn/,https://hqfw.swjtu.edu.cn/xnjdhouqin/phone_article.html?id=42,confirmed_official_source,2026-08-11,历史A级官方证据快照；校区与餐饮来源当前均返回2xx；已剔除异地校区和不明确楼层
成都市,4151010613,西南交通大学,犀浦校区,四川省成都市郫都区犀安路999号,风华苑餐厅,三食堂二楼,,https://www.swjtu.edu.cn/,https://hqfw.swjtu.edu.cn/xnjdhouqin/phone_article.html?id=42,confirmed_official_source,2026-08-11,历史A级官方证据快照；校区与餐饮来源当前均返回2xx；已剔除异地校区和不明确楼层
昆明市,4153010673,云南大学,呈贡校区,昆明市呈贡区大学城东外环南路,知味堂一楼餐厅,知味堂一楼,,https://www.ynu.edu.cn/,https://www.hqjt.ynu.edu.cn/info/1028/3901.htm,confirmed_official_source,2026-08-11,历史A级官方证据快照；校区与餐饮来源当前均返回2xx；已剔除异地校区和不明确楼层
昆明市,4153010673,云南大学,呈贡校区,昆明市呈贡区大学城东外环南路,知味堂三楼餐厅,知味堂三楼,,https://www.ynu.edu.cn/,https://www.hqjt.ynu.edu.cn/info/1028/3901.htm,confirmed_official_source,2026-08-11,历史A级官方证据快照；校区与餐饮来源当前均返回2xx；已剔除异地校区和不明确楼层
昆明市,4153010673,云南大学,呈贡校区,昆明市呈贡区大学城东外环南路,知味堂二楼食堂,知味堂二楼,,https://www.ynu.edu.cn/,https://office.ynu.edu.cn/info/1076/1672.htm,confirmed_official_source,2026-08-11,历史A级官方证据快照；校区与餐饮来源当前均返回2xx；已剔除异地校区和不明确楼层
昆明市,4153010673,云南大学,呈贡校区,昆明市呈贡区大学城东外环南路,馀味堂一楼食堂,馀味堂一楼,,https://www.ynu.edu.cn/,https://office.ynu.edu.cn/info/1076/1672.htm,confirmed_official_source,2026-08-11,历史A级官方证据快照；校区与餐饮来源当前均返回2xx；已剔除异地校区和不明确楼层
昆明市,4153010673,云南大学,呈贡校区,昆明市呈贡区大学城东外环南路,馀味堂三楼食堂,馀味堂三楼,,https://www.ynu.edu.cn/,https://office.ynu.edu.cn/info/1076/1672.htm,confirmed_official_source,2026-08-11,历史A级官方证据快照；校区与餐饮来源当前均返回2xx；已剔除异地校区和不明确楼层
昆明市,4153010673,云南大学,呈贡校区,昆明市呈贡区大学城东外环南路,馀味堂二楼食堂,馀味堂二楼,,https://www.ynu.edu.cn/,https://office.ynu.edu.cn/info/1076/1672.htm,confirmed_official_source,2026-08-11,历史A级官方证据快照；校区与餐饮来源当前均返回2xx；已剔除异地校区和不明确楼层
杭州市,4133010336,杭州电子科技大学,下沙校区,浙江省杭州市钱塘区白杨街道2号大街1158号,中式快餐餐厅,B17食堂二楼,,https://intedu.hdu.edu.cn/12717/list.htm,https://intedu.hdu.edu.cn/12717/list.htm,confirmed_official_source,2026-08-11,2026-08-11重新查阅高校官方页面；页面同时明确校区、餐饮点和楼层
杭州市,4133010336,杭州电子科技大学,下沙校区,浙江省杭州市钱塘区白杨街道2号大街1158号,教工餐厅,B1食堂三楼,,https://intedu.hdu.edu.cn/12717/list.htm,https://intedu.hdu.edu.cn/12717/list.htm,confirmed_official_source,2026-08-11,2026-08-11重新查阅高校官方页面；页面同时明确校区、餐饮点和楼层
杭州市,4133010336,杭州电子科技大学,下沙校区,浙江省杭州市钱塘区白杨街道2号大街1158号,留学生餐厅,G区食堂二楼,,https://intedu.hdu.edu.cn/12717/list.htm,https://intedu.hdu.edu.cn/12717/list.htm,confirmed_official_source,2026-08-11,2026-08-11重新查阅高校官方页面；页面同时明确校区、餐饮点和楼层
杭州市,4133010336,杭州电子科技大学,下沙校区,浙江省杭州市钱塘区白杨街道2号大街1158号,第一餐厅,B17食堂一楼,,https://intedu.hdu.edu.cn/12717/list.htm,https://intedu.hdu.edu.cn/12717/list.htm,confirmed_official_source,2026-08-11,2026-08-11重新查阅高校官方页面；页面同时明确校区、餐饮点和楼层
杭州市,4133010336,杭州电子科技大学,下沙校区,浙江省杭州市钱塘区白杨街道2号大街1158号,第三餐厅,B1食堂一楼,,https://intedu.hdu.edu.cn/12717/list.htm,https://intedu.hdu.edu.cn/12717/list.htm,confirmed_official_source,2026-08-11,2026-08-11重新查阅高校官方页面；页面同时明确校区、餐饮点和楼层
杭州市,4133010336,杭州电子科技大学,下沙校区,浙江省杭州市钱塘区白杨街道2号大街1158号,第五餐厅,B9食堂一楼,,https://intedu.hdu.edu.cn/12717/list.htm,https://intedu.hdu.edu.cn/12717/list.htm,confirmed_official_source,2026-08-11,2026-08-11重新查阅高校官方页面；页面同时明确校区、餐饮点和楼层
杭州市,4133010336,杭州电子科技大学,下沙校区,浙江省杭州市钱塘区白杨街道2号大街1158号,第六餐厅,B9食堂二楼,,https://intedu.hdu.edu.cn/12717/list.htm,https://intedu.hdu.edu.cn/12717/list.htm,confirmed_official_source,2026-08-11,2026-08-11重新查阅高校官方页面；页面同时明确校区、餐饮点和楼层
杭州市,4133010336,杭州电子科技大学,下沙校区,浙江省杭州市钱塘区白杨街道2号大街1158号,风味餐厅,B17食堂三楼,,https://intedu.hdu.edu.cn/12717/list.htm,https://intedu.hdu.edu.cn/12717/list.htm,confirmed_official_source,2026-08-11,2026-08-11重新查阅高校官方页面；页面同时明确校区、餐饮点和楼层
杭州市,4133010335,浙江大学,紫金港校区,浙江省杭州市西湖区余杭塘路866号,三楼餐厅,紫金港食堂大楼三层东侧,,https://zulg.zju.edu.cn/guide/food.htm,https://zulg.zju.edu.cn/guide/food.htm,confirmed_official_source,2026-08-11,2026-08-11重新查阅高校官方页面；页面同时明确校区、餐饮点和楼层
杭州市,4133010335,浙江大学,紫金港校区,浙江省杭州市西湖区余杭塘路866号,东区食堂,紫金港食堂大楼二层东侧,,https://zulg.zju.edu.cn/guide/food.htm,https://zulg.zju.edu.cn/guide/food.htm,confirmed_official_source,2026-08-11,2026-08-11重新查阅高校官方页面；页面同时明确校区、餐饮点和楼层
杭州市,4133010335,浙江大学,紫金港校区,浙江省杭州市西湖区余杭塘路866号,临湖餐厅,一楼、二楼,,https://zulg.zju.edu.cn/guide/food.htm,https://zulg.zju.edu.cn/guide/food.htm,confirmed_official_source,2026-08-11,2026-08-11重新查阅高校官方页面；页面同时明确校区、餐饮点和楼层
杭州市,4133010335,浙江大学,紫金港校区,浙江省杭州市西湖区余杭塘路866号,休闲餐厅,紫金港食堂大楼一层西侧,,https://zulg.zju.edu.cn/guide/food.htm,https://zulg.zju.edu.cn/guide/food.htm,confirmed_official_source,2026-08-11,2026-08-11重新查阅高校官方页面；页面同时明确校区、餐饮点和楼层
杭州市,4133010335,浙江大学,紫金港校区,浙江省杭州市西湖区余杭塘路866号,民族餐厅,紫金港食堂大楼二层西侧,,https://zulg.zju.edu.cn/guide/food.htm,https://zulg.zju.edu.cn/guide/food.htm,confirmed_official_source,2026-08-11,2026-08-11重新查阅高校官方页面；页面同时明确校区、餐饮点和楼层
杭州市,4133010335,浙江大学,紫金港校区,浙江省杭州市西湖区余杭塘路866号,澄月餐厅一楼,一楼,,https://zulg.zju.edu.cn/guide/food.htm,https://zulg.zju.edu.cn/guide/food.htm,confirmed_official_source,2026-08-11,2026-08-11重新查阅高校官方页面；页面同时明确校区、餐饮点和楼层
杭州市,4133010335,浙江大学,紫金港校区,浙江省杭州市西湖区余杭塘路866号,澄月餐厅二楼,二楼,,https://zulg.zju.edu.cn/guide/food.htm,https://zulg.zju.edu.cn/guide/food.htm,confirmed_official_source,2026-08-11,2026-08-11重新查阅高校官方页面；页面同时明确校区、餐饮点和楼层
杭州市,4133010335,浙江大学,紫金港校区,浙江省杭州市西湖区余杭塘路866号,玉湖餐厅一楼,一楼,,https://zulg.zju.edu.cn/guide/food.htm,https://zulg.zju.edu.cn/guide/food.htm,confirmed_official_source,2026-08-11,2026-08-11重新查阅高校官方页面；页面同时明确校区、餐饮点和楼层
杭州市,4133010335,浙江大学,紫金港校区,浙江省杭州市西湖区余杭塘路866号,玉湖餐厅二楼,二楼,,https://zulg.zju.edu.cn/guide/food.htm,https://zulg.zju.edu.cn/guide/food.htm,confirmed_official_source,2026-08-11,2026-08-11重新查阅高校官方页面；页面同时明确校区、餐饮点和楼层
杭州市,4133010335,浙江大学,紫金港校区,浙江省杭州市西湖区余杭塘路866号,西区食堂,紫金港食堂大楼二层西侧,,https://zulg.zju.edu.cn/guide/food.htm,https://zulg.zju.edu.cn/guide/food.htm,confirmed_official_source,2026-08-11,2026-08-11重新查阅高校官方页面；页面同时明确校区、餐饮点和楼层
杭州市,4133010335,浙江大学,紫金港校区,浙江省杭州市西湖区余杭塘路866号,银泉餐厅一楼,一楼,,https://zulg.zju.edu.cn/guide/food.htm,https://zulg.zju.edu.cn/guide/food.htm,confirmed_official_source,2026-08-11,2026-08-11重新查阅高校官方页面；页面同时明确校区、餐饮点和楼层
杭州市,4133010335,浙江大学,紫金港校区,浙江省杭州市西湖区余杭塘路866号,银泉餐厅二楼,二楼,,https://zulg.zju.edu.cn/guide/food.htm,https://zulg.zju.edu.cn/guide/food.htm,confirmed_official_source,2026-08-11,2026-08-11重新查阅高校官方页面；页面同时明确校区、餐饮点和楼层
杭州市,4133010335,浙江大学,紫金港校区,浙江省杭州市西湖区余杭塘路866号,风味餐厅,紫金港食堂大楼一层东侧,,https://zulg.zju.edu.cn/guide/food.htm,https://zulg.zju.edu.cn/guide/food.htm,confirmed_official_source,2026-08-11,2026-08-11重新查阅高校官方页面；页面同时明确校区、餐饮点和楼层
杭州市,4133010335,浙江大学,紫金港校区,浙江省杭州市西湖区余杭塘路866号,麦香餐厅,紫金港医学专业图书馆一楼,,https://zulg.zju.edu.cn/guide/food.htm,https://zulg.zju.edu.cn/guide/food.htm,confirmed_official_source,2026-08-11,2026-08-11重新查阅高校官方页面；页面同时明确校区、餐饮点和楼层
沈阳市,4121010145,东北大学,浑南校区,辽宁省沈阳市浑南区创新路195号,浑南校区食堂三楼教工餐厅,三楼,,https://www.neu.edu.cn/xykd/5.htm,https://neunews.neu.edu.cn/info/1005/222641.htm,confirmed_official_source,2026-08-11,历史A级官方证据快照；校区与餐饮来源当前均返回2xx；已剔除异地校区和不明确楼层
济南市,4137010422,山东大学,洪家楼校区,济南市洪家楼5号,第七食堂,二楼教职工餐厅,,https://www.job.sdu.edu.cn/xqzy.htm,https://www.istudy.sdu.edu.cn/xysh/ct.htm,confirmed_official_source,2026-08-11,历史A级官方证据快照；校区与餐饮来源当前均返回2xx；已剔除异地校区和不明确楼层
济南市,4137010422,山东大学,趵突泉校区,济南市文化西路44号,杏园餐厅,二楼清真、三楼零点区,,https://www.job.sdu.edu.cn/xqzy.htm,https://www.istudy.sdu.edu.cn/xysh/ct.htm,confirmed_official_source,2026-08-11,历史A级官方证据快照；校区与餐饮来源当前均返回2xx；已剔除异地校区和不明确楼层
海口市,4146010589,海南大学,海甸校区,海南省海口市美兰区人民大道58号,第五学生食堂一楼,一楼,,https://www.hainanu.edu.cn/zjhd/hdzc.htm,https://he.hainanu.edu.cn/baozhang/info/1061/19933.htm,confirmed_official_source,2026-08-11,历史A级官方证据快照；校区与餐饮来源当前均返回2xx；已剔除异地校区和不明确楼层
海口市,4146010589,海南大学,海甸校区,海南省海口市美兰区人民大道58号,第六食堂二楼,二楼,,https://www.hainanu.edu.cn/zjhd/hdzc.htm,https://he.hainanu.edu.cn/baozhang/info/1061/19933.htm,confirmed_official_source,2026-08-11,历史A级官方证据快照；校区与餐饮来源当前均返回2xx；已剔除异地校区和不明确楼层
海口市,4146010589,海南大学,观澜湖校区,海南省海口市龙华区龙桥镇羊山大道52号,湖畔餐厅,一楼,,https://yx.hainanu.edu.cn/xsdh/xzhd1.htm,https://he.hainanu.edu.cn/baozhang/info/1038/11333.htm,confirmed_official_source,2026-08-11,历史A级官方证据快照；校区与餐饮来源当前均返回2xx；已剔除异地校区和不明确楼层
石家庄市,4113010094,河北师范大学,裕华校区,河北省石家庄市南二环东路20号,书香智慧餐厅（第五餐厅）,西食堂二楼,,https://www.hebtu.edu.cn/a/2014/09/09/392CD46E042D4ADB94CA73893C9D232B.html,https://www.hebtu.edu.cn/a/2014/09/09/392CD46E042D4ADB94CA73893C9D232B.html,confirmed_official_source,2026-08-11,2026-08-11重新查阅高校官方页面；页面同时明确校区、餐饮点和楼层
石家庄市,4113010094,河北师范大学,裕华校区,河北省石家庄市南二环东路20号,凝味创意餐厅（第三餐厅）,主食堂三楼,,https://www.hebtu.edu.cn/a/2014/09/09/392CD46E042D4ADB94CA73893C9D232B.html,https://www.hebtu.edu.cn/a/2014/09/09/392CD46E042D4ADB94CA73893C9D232B.html,confirmed_official_source,2026-08-11,2026-08-11重新查阅高校官方页面；页面同时明确校区、餐饮点和楼层
石家庄市,4113010094,河北师范大学,裕华校区,河北省石家庄市南二环东路20号,民族餐厅,西食堂一楼,,https://www.hebtu.edu.cn/a/2014/09/09/392CD46E042D4ADB94CA73893C9D232B.html,https://www.hebtu.edu.cn/a/2014/09/09/392CD46E042D4ADB94CA73893C9D232B.html,confirmed_official_source,2026-08-11,2026-08-11重新查阅高校官方页面；页面同时明确校区、餐饮点和楼层
石家庄市,4113010094,河北师范大学,裕华校区,河北省石家庄市南二环东路20号,第一餐厅,主食堂一楼,,https://www.hebtu.edu.cn/a/2014/09/09/392CD46E042D4ADB94CA73893C9D232B.html,https://www.hebtu.edu.cn/a/2014/09/09/392CD46E042D4ADB94CA73893C9D232B.html,confirmed_official_source,2026-08-11,2026-08-11重新查阅高校官方页面；页面同时明确校区、餐饮点和楼层
石家庄市,4113010094,河北师范大学,裕华校区,河北省石家庄市南二环东路20号,第二餐厅,主食堂二楼,,https://www.hebtu.edu.cn/a/2014/09/09/392CD46E042D4ADB94CA73893C9D232B.html,https://www.hebtu.edu.cn/a/2014/09/09/392CD46E042D4ADB94CA73893C9D232B.html,confirmed_official_source,2026-08-11,2026-08-11重新查阅高校官方页面；页面同时明确校区、餐饮点和楼层
石家庄市,4113010094,河北师范大学,裕华校区,河北省石家庄市南二环东路20号,第四餐厅,西食堂一楼,,https://www.hebtu.edu.cn/a/2014/09/09/392CD46E042D4ADB94CA73893C9D232B.html,https://www.hebtu.edu.cn/a/2014/09/09/392CD46E042D4ADB94CA73893C9D232B.html,confirmed_official_source,2026-08-11,2026-08-11重新查阅高校官方页面；页面同时明确校区、餐饮点和楼层
福州市,4135010386,福州大学,旗山校区,福建省福州市福州大学城乌龙江北大道2号,桃李园一楼餐厅,一楼,,https://zsks.fzu.edu.cn/info/1019/1621.htm,https://hqc.fzu.edu.cn/info/1032/3247.htm,confirmed_official_source,2026-08-11,历史A级官方证据快照；校区与餐饮来源当前均返回2xx；已剔除异地校区和不明确楼层
西宁市,4163010746,青海师范大学,城北校区,青海省西宁市城北区海湖大道延伸段38号,清真餐厅二楼餐厅,二楼,2025-07-25,https://www.qhnu.edu.cn/info/1039/20706.htm,https://www.qhnu.edu.cn/info/1039/20706.htm,confirmed_official_source,2026-08-11,2026-08-11重新查阅高校官方页面；页面同时明确校区、餐饮点和楼层
西宁市,4163010746,青海师范大学,城北校区,青海省西宁市城北区海湖大道延伸段38号,馨园餐厅二楼食堂,二楼,2026-06-26,https://www.qhnu.edu.cn/index/tzgg.htm,https://www.qhnu.edu.cn/index/tzgg.htm,confirmed_official_source,2026-08-11,2026-08-11重新查阅高校官方页面；页面同时明确校区、餐饮点和楼层
西安市,4161010697,西北大学,长安校区,西安市长安区郭杜教育科技产业区学府大街1号,玉兰苑公颐园餐厅,一层,,https://hqjt.nwu.edu.cn/info/1146/4161.htm,https://ysfwzx.nwu.edu.cn/zxgk/ctfwsj1.htm,confirmed_official_source,2026-08-11,历史A级官方证据快照；校区与餐饮来源当前均返回2xx；已剔除异地校区和不明确楼层
西安市,4161010697,西北大学,长安校区,西安市长安区郭杜教育科技产业区学府大街1号,玉兰苑勤育园餐厅,三层,,https://hqjt.nwu.edu.cn/info/1146/4161.htm,https://ysfwzx.nwu.edu.cn/zxgk/ctfwsj1.htm,confirmed_official_source,2026-08-11,历史A级官方证据快照；校区与餐饮来源当前均返回2xx；已剔除异地校区和不明确楼层
西安市,4161010697,西北大学,长安校区,西安市长安区郭杜教育科技产业区学府大街1号,玉兰苑朴园餐厅,四层,,https://hqjt.nwu.edu.cn/info/1146/4161.htm,https://ysfwzx.nwu.edu.cn/zxgk/ctfwsj1.htm,confirmed_official_source,2026-08-11,历史A级官方证据快照；校区与餐饮来源当前均返回2xx；已剔除异地校区和不明确楼层
西安市,4161010697,西北大学,长安校区,西安市长安区郭杜教育科技产业区学府大街1号,玉兰苑诚悦园餐厅,二层,,https://hqjt.nwu.edu.cn/info/1146/4161.htm,https://ysfwzx.nwu.edu.cn/zxgk/ctfwsj1.htm,confirmed_official_source,2026-08-11,历史A级官方证据快照；校区与餐饮来源当前均返回2xx；已剔除异地校区和不明确楼层
西安市,4161010697,西北大学,长安校区,西安市长安区郭杜教育科技产业区学府大街1号,紫荆苑学生一餐厅,一层,,https://hqjt.nwu.edu.cn/info/1146/4161.htm,https://ysfwzx.nwu.edu.cn/zxgk/ctfwsj1.htm,confirmed_official_source,2026-08-11,历史A级官方证据快照；校区与餐饮来源当前均返回2xx；已剔除异地校区和不明确楼层
西安市,4161010697,西北大学,长安校区,西安市长安区郭杜教育科技产业区学府大街1号,紫荆苑学生三餐厅,三层,,https://hqjt.nwu.edu.cn/info/1146/4161.htm,https://ysfwzx.nwu.edu.cn/zxgk/ctfwsj1.htm,confirmed_official_source,2026-08-11,历史A级官方证据快照；校区与餐饮来源当前均返回2xx；已剔除异地校区和不明确楼层
西安市,4161010697,西北大学,长安校区,西安市长安区郭杜教育科技产业区学府大街1号,紫荆苑学生二餐厅,二层,,https://hqjt.nwu.edu.cn/info/1146/4161.htm,https://ysfwzx.nwu.edu.cn/zxgk/ctfwsj1.htm,confirmed_official_source,2026-08-11,历史A级官方证据快照；校区与餐饮来源当前均返回2xx；已剔除异地校区和不明确楼层
贵阳市,4152010657,贵州大学,东校区,贵州省贵阳市花溪区,中山园食堂,一楼、二楼,,https://www.gzu.edu.cn/17054/list.htm,https://www.gzu.edu.cn/17054/list.htm,confirmed_official_source,2026-08-11,2026-08-11重新查阅高校官方页面；页面同时明确校区、餐饮点和楼层
贵阳市,4152010657,贵州大学,东校区,贵州省贵阳市花溪区,双馨园食堂,一楼、二楼、三楼,,https://www.gzu.edu.cn/17054/list.htm,https://www.gzu.edu.cn/17054/list.htm,confirmed_official_source,2026-08-11,2026-08-11重新查阅高校官方页面；页面同时明确校区、餐饮点和楼层
贵阳市,4152010657,贵州大学,南校区,贵州省贵阳市花溪区,南区学生食堂,一楼、二楼、三楼、四楼,,https://www.gzu.edu.cn/17054/list.htm,https://www.gzu.edu.cn/17054/list.htm,confirmed_official_source,2026-08-11,2026-08-11重新查阅高校官方页面；页面同时明确校区、餐饮点和楼层
贵阳市,4152010657,贵州大学,西校区,贵州省贵阳市花溪区,学生一食堂,一楼、二楼、三楼、四楼,,https://www.gzu.edu.cn/17054/list.htm,https://www.gzu.edu.cn/17054/list.htm,confirmed_official_source,2026-08-11,2026-08-11重新查阅高校官方页面；页面同时明确校区、餐饮点和楼层
贵阳市,4152010657,贵州大学,西校区,贵州省贵阳市花溪区,学生三食堂（致和苑）,一楼、二楼,,https://www.gzu.edu.cn/17054/list.htm,https://www.gzu.edu.cn/17054/list.htm,confirmed_official_source,2026-08-11,2026-08-11重新查阅高校官方页面；页面同时明确校区、餐饮点和楼层
贵阳市,4152010657,贵州大学,西校区,贵州省贵阳市花溪区,学生二食堂,一楼、二楼,,https://www.gzu.edu.cn/17054/list.htm,https://www.gzu.edu.cn/17054/list.htm,confirmed_official_source,2026-08-11,2026-08-11重新查阅高校官方页面；页面同时明确校区、餐饮点和楼层
贵阳市,4152010657,贵州大学,西校区,贵州省贵阳市花溪区,学生五食堂（沁雅苑）,一楼、二楼、三楼,,https://www.gzu.edu.cn/17054/list.htm,https://www.gzu.edu.cn/17054/list.htm,confirmed_official_source,2026-08-11,2026-08-11重新查阅高校官方页面；页面同时明确校区、餐饮点和楼层
贵阳市,4152010657,贵州大学,西校区,贵州省贵阳市花溪区,学生四食堂（逸香苑）,一楼、二楼、三楼,,https://www.gzu.edu.cn/17054/list.htm,https://www.gzu.edu.cn/17054/list.htm,confirmed_official_source,2026-08-11,2026-08-11重新查阅高校官方页面；页面同时明确校区、餐饮点和楼层
郑州市,4141010459,郑州大学,主校区,河南省郑州市科学大道100号,秋穗园一楼餐厅,一楼,,https://ao.zzu.edu.cn/info/1793/5074.htm,https://www7.zzu.edu.cn/hqbzzx/info/1275/1505.htm,confirmed_official_source,2026-08-11,历史A级官方证据快照；校区与餐饮来源当前均返回2xx；已剔除异地校区和不明确楼层
郑州市,4141010459,郑州大学,主校区,河南省郑州市科学大道100号,秋穗园三楼餐厅,三楼,,https://ao.zzu.edu.cn/info/1793/5074.htm,https://www7.zzu.edu.cn/hqbzzx/info/1275/1505.htm,confirmed_official_source,2026-08-11,历史A级官方证据快照；校区与餐饮来源当前均返回2xx；已剔除异地校区和不明确楼层
郑州市,4141010459,郑州大学,主校区,河南省郑州市科学大道100号,秋穗园二楼餐厅,二楼,,https://ao.zzu.edu.cn/info/1793/5074.htm,https://www.zzu.edu.cn/info/1442/81739.htm,confirmed_official_source,2026-08-11,历史A级官方证据快照；校区与餐饮来源当前均返回2xx；已剔除异地校区和不明确楼层
郑州市,4141010459,郑州大学,主校区,河南省郑州市科学大道100号,风华园一楼餐厅,一楼,,https://ao.zzu.edu.cn/info/1793/5074.htm,https://www7.zzu.edu.cn/hqbzzx/info/1275/1505.htm,confirmed_official_source,2026-08-11,历史A级官方证据快照；校区与餐饮来源当前均返回2xx；已剔除异地校区和不明确楼层
郑州市,4141010459,郑州大学,主校区,河南省郑州市科学大道100号,风华园二楼餐厅,二楼,,https://ao.zzu.edu.cn/info/1793/5074.htm,https://www7.zzu.edu.cn/hqbzzx/info/1275/1505.htm,confirmed_official_source,2026-08-11,历史A级官方证据快照；校区与餐饮来源当前均返回2xx；已剔除异地校区和不明确楼层
重庆市,4150010611,重庆大学,科学城校区虎溪校园,重庆市高新区大学城南路55号,第一学生食堂,一楼、二楼,2025-07-07,https://huxi.cqu.edu.cn/info/1023/4450.htm,https://huxi.cqu.edu.cn/info/1023/4450.htm,confirmed_official_source,2026-08-11,2026-08-11重新查阅高校官方页面；页面同时明确校区、餐饮点和楼层
银川市,4164010749,宁夏大学,怀远校区,宁夏回族自治区银川市西夏区贺兰山西路489号,兰竹苑餐厅,一楼、二楼,2025-09-30,https://www.nxu.edu.cn/index/tzgg/254.htm,https://www.nxu.edu.cn/index/tzgg/254.htm,confirmed_official_source,2026-08-11,2026-08-11重新查阅高校官方页面；页面同时明确校区、餐饮点和楼层
长春市,4122010200,东北师范大学,人民大街校区,吉林省长春市人民大街5268号,北苑食堂,一楼,,https://xxhb.nenu.edu.cn/__local/E/A0/FE/708F143F36DF0FFBD40EC23C91E_A414E41F_A400E.pdf,https://xxhb.nenu.edu.cn/__local/E/A0/FE/708F143F36DF0FFBD40EC23C91E_A414E41F_A400E.pdf,confirmed_official_source,2026-08-11,2026-08-11重新查阅高校官方页面；页面同时明确校区、餐饮点和楼层
长春市,4122010200,东北师范大学,人民大街校区,吉林省长春市人民大街5268号,南苑食堂,一楼,,https://xxhb.nenu.edu.cn/__local/E/A0/FE/708F143F36DF0FFBD40EC23C91E_A414E41F_A400E.pdf,https://xxhb.nenu.edu.cn/__local/E/A0/FE/708F143F36DF0FFBD40EC23C91E_A414E41F_A400E.pdf,confirmed_official_source,2026-08-11,2026-08-11重新查阅高校官方页面；页面同时明确校区、餐饮点和楼层
长春市,4122010200,东北师范大学,净月大街校区,吉林省长春市净月大街2555号,学生一食堂,二楼,,https://xxhb.nenu.edu.cn/xinshengyifengxin2020.pdf,https://xxhb.nenu.edu.cn/xinshengyifengxin2020.pdf,confirmed_official_source,2026-08-11,2026-08-11重新查阅高校官方页面；页面同时明确校区、餐饮点和楼层
长春市,4122010200,东北师范大学,净月大街校区,吉林省长春市净月大街2555号,学生二食堂,一楼,,https://xxhb.nenu.edu.cn/xinshengyifengxin2020.pdf,https://xxhb.nenu.edu.cn/xinshengyifengxin2020.pdf,confirmed_official_source,2026-08-11,2026-08-11重新查阅高校官方页面；页面同时明确校区、餐饮点和楼层
长沙市,4143010533,中南大学,岳麓山校区,湖南省长沙市麓山南路932号,三食堂,一楼,,https://www.csu.edu.cn/lxwm.htm,https://hqbzb.csu.edu.cn/info/1015/6407.htm,confirmed_official_source,2026-08-11,历史A级官方证据快照；校区与餐饮来源当前均返回2xx；已剔除异地校区和不明确楼层
长沙市,4143010533,中南大学,岳麓山校区,湖南省长沙市麓山南路932号,九食堂,一楼,,https://www.csu.edu.cn/lxwm.htm,https://hqbzb.csu.edu.cn/info/1015/6407.htm,confirmed_official_source,2026-08-11,历史A级官方证据快照；校区与餐饮来源当前均返回2xx；已剔除异地校区和不明确楼层
长沙市,4143010533,中南大学,杏林校区,湖南省长沙市岳麓区桐梓坡路172号,十一食堂,一楼,,https://sph.csu.edu.cn/xygk/lxwm.htm,https://hqbzb.csu.edu.cn/info/1015/6407.htm,confirmed_official_source,2026-08-11,历史A级官方证据快照；校区与餐饮来源当前均返回2xx；已剔除异地校区和不明确楼层
长沙市,4143010533,中南大学,潇湘校区,湖南省长沙市潇湘中路405号,潇湘校区一食堂,一楼、二楼,,https://journals.csu.edu.cn/%E5%85%B3%E4%BA%8E%E6%88%91%E4%BB%AC,https://hqbzb.csu.edu.cn/info/1015/6340.htm,confirmed_official_source,2026-08-11,历史A级官方证据快照；校区与餐饮来源当前均返回2xx；已剔除异地校区和不明确楼层
长沙市,4143010542,湖南师范大学,二里半校区,长沙市岳麓区麓山路36号,佳园一楼自选食堂,佳园一楼,,https://zsb.hunnu.edu.cn/info/1081/1589.htm,https://hqc.hunnu.edu.cn/info/1163/1734.htm,confirmed_official_source,2026-08-11,历史A级官方证据快照；校区与餐饮来源当前均返回2xx；已剔除异地校区和不明确楼层
长沙市,4143010542,湖南师范大学,二里半校区,长沙市岳麓区麓山路36号,佳园三楼教职工食堂,佳园三楼,,https://zsb.hunnu.edu.cn/info/1081/1589.htm,https://hqc.hunnu.edu.cn/info/1163/1734.htm,confirmed_official_source,2026-08-11,历史A级官方证据快照；校区与餐饮来源当前均返回2xx；已剔除异地校区和不明确楼层
长沙市,4143010542,湖南师范大学,二里半校区,长沙市岳麓区麓山路36号,佳园二楼大众食堂,佳园二楼,,https://zsb.hunnu.edu.cn/info/1081/1589.htm,https://hqc.hunnu.edu.cn/info/1163/1734.htm,confirmed_official_source,2026-08-11,历史A级官方证据快照；校区与餐饮来源当前均返回2xx；已剔除异地校区和不明确楼层
长沙市,4143010542,湖南师范大学,二里半校区,长沙市岳麓区麓山路36号,兰桂苑一楼风味食堂,兰桂苑一楼,,https://zsb.hunnu.edu.cn/info/1081/1589.htm,https://hqc.hunnu.edu.cn/info/1163/1734.htm,confirmed_official_source,2026-08-11,历史A级官方证据快照；校区与餐饮来源当前均返回2xx；已剔除异地校区和不明确楼层
长沙市,4143010542,湖南师范大学,二里半校区,长沙市岳麓区麓山路36号,兰桂苑二楼自选食堂,兰桂苑二楼,,https://zsb.hunnu.edu.cn/info/1081/1589.htm,https://hqc.hunnu.edu.cn/info/1163/1734.htm,confirmed_official_source,2026-08-11,历史A级官方证据快照；校区与餐饮来源当前均返回2xx；已剔除异地校区和不明确楼层
