city,school_name,campus_name,campus_address,dining_venue,floor,source_url,source_date,campus_source_url,verification_basis,official_code,review_status,reviewed_at
"天津市","河北工业大学","北辰校区","天津市北辰区双口镇西平道5340号","东区食堂","一楼、二楼东西侧、三楼多餐厅","https://hq.hebut.edu.cn/gzdt/daae6bcc5ff44580ac92f1379f2ba90b.htm","官方页未标注","https://www.hebut.edu.cn/jblm/hwjl/ylsngyxy/xysha/91731.htm","2026-08-12复核：历史A级官方证据快照；校区与餐饮来源当前均返回2xx；已剔除异地校区和不明确楼层","4113010080","confirmed_official_source","2026-08-12"
"天津市","河北工业大学","北辰校区","天津市北辰区双口镇西平道5340号","西区食堂","一楼、二楼、三楼","https://hq.hebut.edu.cn/gzdt/daae6bcc5ff44580ac92f1379f2ba90b.htm","官方页未标注","https://www.hebut.edu.cn/jblm/hwjl/ylsngyxy/xysha/91731.htm","2026-08-12复核：历史A级官方证据快照；校区与餐饮来源当前均返回2xx；已剔除异地校区和不明确楼层","4113010080","confirmed_official_source","2026-08-12"
"天津市","河北工业大学","北辰校区","天津市北辰区双口镇西平道5340号","西区新食堂","含三楼火锅经营区域","https://hq.hebut.edu.cn/gzdt/daae6bcc5ff44580ac92f1379f2ba90b.htm","官方页未标注","https://www.hebut.edu.cn/jblm/hwjl/ylsngyxy/xysha/91731.htm","2026-08-12复核：历史A级官方证据快照；校区与餐饮来源当前均返回2xx；已剔除异地校区和不明确楼层","4113010080","confirmed_official_source","2026-08-12"
"天津市","河北工业大学","红桥校区","天津市红桥区丁字沽光荣道8号河北工业大学东院","南院学生食堂","一楼、二楼；另有三楼委托经营公告","https://hq.hebut.edu.cn/gzdt/daae6bcc5ff44580ac92f1379f2ba90b.htm","官方页未标注","https://www.hebut.edu.cn/jblm/hwjl/ylsngyxy/xysha/91731.htm","2026-08-12复核：历史A级官方证据快照；校区与餐饮来源当前均返回2xx；已剔除异地校区和不明确楼层","4113010080","confirmed_official_source","2026-08-12"
"天津市","南开大学","八里台校区","天津市南开区卫津路94号","学二食堂","一楼、二楼","https://www.nankai.edu.cn/2025/0624/c17471a574322/page.htm","2025-06-24","https://www.nankai.edu.cn/2025/0624/c17471a574322/page.htm","2026-08-12复核：2025年暑假官方后勤指南逐层列出学二食堂一楼、二楼供餐状态；不是由建筑层数推断。","4112010055","confirmed_official_source","2026-08-12"
"天津市","南开大学","八里台校区","天津市南开区卫津路94号","学三食堂","一楼、二楼","https://www.nankai.edu.cn/2025/0624/c17471a574322/page.htm","2025-06-24","https://www.nankai.edu.cn/2025/0624/c17471a574322/page.htm","2026-08-12复核：2025年暑假官方后勤指南逐层列出学三食堂一楼、二楼供餐状态；不是由建筑层数推断。","4112010055","confirmed_official_source","2026-08-12"
"天津市","天津大学","北洋园校区","天津市津南区雅观路135号","留学生食堂","留园二层","https://yx.tju.edu.cn/jztd/ys/201806/t20180602_307309.htm","官方页未标注","https://zs.tju.edu.cn/ym21/lxwm/xxlxfs.htm","2026-08-12复核：历史A级官方证据快照；校区与餐饮来源当前均返回2xx；已剔除异地校区和不明确楼层","4112010056","confirmed_official_source","2026-08-12"
"天津市","天津大学","卫津路校区","天津市南开区卫津路92号","学四食堂","一至三层","https://yx.tju.edu.cn/jztd/ys/201806/t20180602_307309.htm","官方页未标注","https://zs.tju.edu.cn/ym21/lxwm/xxlxfs.htm","2026-08-12复核：历史A级官方证据快照；校区与餐饮来源当前均返回2xx；已剔除异地校区和不明确楼层","4112010056","confirmed_official_source","2026-08-12"
"天津市","天津大学","卫津路校区","天津市南开区卫津路92号","学五食堂","二层清真食堂；三层套餐快餐等","https://yx.tju.edu.cn/jztd/ys/201806/t20180602_307309.htm","官方页未标注","https://zs.tju.edu.cn/ym21/lxwm/xxlxfs.htm","2026-08-12复核：历史A级官方证据快照；校区与餐饮来源当前均返回2xx；已剔除异地校区和不明确楼层","4112010056","confirmed_official_source","2026-08-12"
"天津市","天津科技大学","滨海校区","天津经济技术开发区第十三大街9号","第三学生食堂西区","西一层、西二层","https://hq.tust.edu.cn/xwzx/gzdt/fd5cc1235a624244aad0000899096c97.htm","2024-09-11","https://www.tust.edu.cn/","2026-08-12复核：官方后勤改造报道明确第三学生食堂西一、西二层并说明开学前正式营业。","4112010057","confirmed_official_source","2026-08-12"
"天津市","天津科技大学","滨海校区","天津经济技术开发区第十三大街9号","第一学生食堂","一楼、二楼、三楼","https://hq.tust.edu.cn/xwzx/gzdt/fd5cc1235a624244aad0000899096c97.htm","2024-09-11","https://www.tust.edu.cn/","2026-08-12复核：官方后勤改造报道明确涉及滨海校区第一学生食堂一、二、三层，并说明开学前正式营业。","4112010057","confirmed_official_source","2026-08-12"
"天津市","天津科技大学","河西校区","天津市河西区大沽南路1038号","第二学生食堂","二楼","https://hq.tust.edu.cn/xwzx/gzdt/fd5cc1235a624244aad0000899096c97.htm","2024-09-11","https://www.tust.edu.cn/","2026-08-12复核：官方后勤改造报道明确河西校区第二学生食堂二层并说明开学前正式营业。","4112010057","confirmed_official_source","2026-08-12"
"天津市","天津科技大学","河西校区","天津市河西区大沽南路1038号","第一学生食堂","一楼","https://hq.tust.edu.cn/xwzx/gzdt/fd5cc1235a624244aad0000899096c97.htm","2024-09-11","https://www.tust.edu.cn/","2026-08-12复核：官方后勤改造报道明确河西校区第一学生食堂一层并说明开学前正式营业。","4112010057","confirmed_official_source","2026-08-12"
"天津市","天津师范大学","主校区","天津市西青区宾水西道393号","学生第二食堂","二楼","https://www.tjnu.edu.cn/info/1064/8620.htm","2026-01-01","https://www.tjnu.edu.cn/xxgk/xxzc.htm","2026-08-12复核：2026年校级新闻明确活动在学生第二食堂二楼举行，学校章程确认主校区法定地址。","4112010065","confirmed_official_source","2026-08-12"
"石家庄市","河北师范大学","裕华校区","河北省石家庄市南二环东路20号","第二餐厅","主食堂二楼","https://www.hebtu.edu.cn/a/2014/09/09/392CD46E042D4ADB94CA73893C9D232B.html","官方页未标注","https://www.hebtu.edu.cn/a/2014/09/09/392CD46E042D4ADB94CA73893C9D232B.html","2026-08-12复核：2026-08-11重新查阅高校官方页面；页面同时明确校区、餐饮点和楼层","4113010094","confirmed_official_source","2026-08-12"
"石家庄市","河北师范大学","裕华校区","河北省石家庄市南二环东路20号","第四餐厅","西食堂一楼","https://www.hebtu.edu.cn/a/2014/09/09/392CD46E042D4ADB94CA73893C9D232B.html","官方页未标注","https://www.hebtu.edu.cn/a/2014/09/09/392CD46E042D4ADB94CA73893C9D232B.html","2026-08-12复核：2026-08-11重新查阅高校官方页面；页面同时明确校区、餐饮点和楼层","4113010094","confirmed_official_source","2026-08-12"
"石家庄市","河北师范大学","裕华校区","河北省石家庄市南二环东路20号","第一餐厅","主食堂一楼","https://www.hebtu.edu.cn/a/2014/09/09/392CD46E042D4ADB94CA73893C9D232B.html","官方页未标注","https://www.hebtu.edu.cn/a/2014/09/09/392CD46E042D4ADB94CA73893C9D232B.html","2026-08-12复核：2026-08-11重新查阅高校官方页面；页面同时明确校区、餐饮点和楼层","4113010094","confirmed_official_source","2026-08-12"
"石家庄市","河北师范大学","裕华校区","河北省石家庄市南二环东路20号","民族餐厅","西食堂一楼","https://www.hebtu.edu.cn/a/2014/09/09/392CD46E042D4ADB94CA73893C9D232B.html","官方页未标注","https://www.hebtu.edu.cn/a/2014/09/09/392CD46E042D4ADB94CA73893C9D232B.html","2026-08-12复核：2026-08-11重新查阅高校官方页面；页面同时明确校区、餐饮点和楼层","4113010094","confirmed_official_source","2026-08-12"
"石家庄市","河北师范大学","裕华校区","河北省石家庄市南二环东路20号","凝味创意餐厅（第三餐厅）","主食堂三楼","https://www.hebtu.edu.cn/a/2014/09/09/392CD46E042D4ADB94CA73893C9D232B.html","官方页未标注","https://www.hebtu.edu.cn/a/2014/09/09/392CD46E042D4ADB94CA73893C9D232B.html","2026-08-12复核：2026-08-11重新查阅高校官方页面；页面同时明确校区、餐饮点和楼层","4113010094","confirmed_official_source","2026-08-12"
"石家庄市","河北师范大学","裕华校区","河北省石家庄市南二环东路20号","书香智慧餐厅（第五餐厅）","西食堂二楼","https://www.hebtu.edu.cn/a/2014/09/09/392CD46E042D4ADB94CA73893C9D232B.html","官方页未标注","https://www.hebtu.edu.cn/a/2014/09/09/392CD46E042D4ADB94CA73893C9D232B.html","2026-08-12复核：2026-08-11重新查阅高校官方页面；页面同时明确校区、餐饮点和楼层","4113010094","confirmed_official_source","2026-08-12"
"石家庄市","河北师范大学汇华学院","北院","河北省石家庄市红旗大街469号","汇德苑餐厅","负一层","https://huihua.hebtu.edu.cn/news/index.php?id=13597&mods=cnews","2025-07-03","https://huihua.hebtu.edu.cn/","2026-08-12复核：2025年学院官方招标将餐饮中心负一层明确命名为汇德苑餐厅；学院官网确认地址。","4113013411","confirmed_official_source","2026-08-12"
"石家庄市","河北师范大学汇华学院","北院","河北省石家庄市红旗大街469号","汇馨苑餐厅（含回民餐厅）","二层","https://huihua.hebtu.edu.cn/news/index.php?id=13597&mods=cnews","2025-07-03","https://huihua.hebtu.edu.cn/","2026-08-12复核：2025年学院官方招标将餐饮中心二层明确命名为汇馨苑餐厅；学院官网确认地址。","4113013411","confirmed_official_source","2026-08-12"
"石家庄市","河北师范大学汇华学院","北院","河北省石家庄市红旗大街469号","汇雅苑餐厅","一层","https://huihua.hebtu.edu.cn/news/index.php?id=13597&mods=cnews","2025-07-03","https://huihua.hebtu.edu.cn/","2026-08-12复核：2025年学院官方招标将餐饮中心一层明确命名为汇雅苑餐厅；学院官网确认地址。","4113013411","confirmed_official_source","2026-08-12"
"太原市","太原理工大学","迎西校区","中国山西省太原市万柏林区迎泽西大街79号","清泽餐厅","二、三层","https://houqin.tyut.edu.cn/info/1010/6625.htm","官方页未标注","https://www.tyut.edu.cn/","2026-08-12复核：历史A级官方证据快照；校区与餐饮来源当前均返回2xx；已剔除异地校区和不明确楼层","4114010112","confirmed_official_source","2026-08-12"
"太原市","太原理工大学","迎西校区","中国山西省太原市万柏林区迎泽西大街79号","思源餐厅","一层北、一层南、二层","https://houqin.tyut.edu.cn/info/1010/6625.htm","官方页未标注","https://www.tyut.edu.cn/","2026-08-12复核：历史A级官方证据快照；校区与餐饮来源当前均返回2xx；已剔除异地校区和不明确楼层","4114010112","confirmed_official_source","2026-08-12"
"呼和浩特市","内蒙古大学","玉泉校区","内蒙古自治区呼和浩特市玉泉区昭君路24号","东院食堂","二楼餐厅、三楼餐厅","https://hqc.imu.edu.cn/info/1021/3418.htm","官方页未标注","https://hqc.imu.edu.cn/","2026-08-12复核：历史A级官方证据快照；校区与餐饮来源当前均返回2xx；已剔除异地校区和不明确楼层","4115010126","confirmed_official_source","2026-08-12"
"呼和浩特市","内蒙古大学","玉泉校区","内蒙古自治区呼和浩特市玉泉区昭君路24号","西院食堂","二楼餐厅；含一楼南侧营业点","https://hqc.imu.edu.cn/info/1021/3418.htm","官方页未标注","https://hqc.imu.edu.cn/","2026-08-12复核：历史A级官方证据快照；校区与餐饮来源当前均返回2xx；已剔除异地校区和不明确楼层","4115010126","confirmed_official_source","2026-08-12"
"沈阳市","东北大学","浑南校区","辽宁省沈阳市浑南区创新路195号","二食堂","学生中心一层","https://hnxqgwh.neu.edu.cn/2925/list.htm","官方页未标注","https://www.neu.edu.cn/xykd/5.htm","2026-08-12复核：浑南校区官方页面明确二食堂设于学生中心一层并持续供餐。","4121010145","confirmed_official_source","2026-08-12"
"沈阳市","东北大学","浑南校区","辽宁省沈阳市浑南区创新路195号","一食堂","一楼、二楼、三楼教工食堂","https://hnxqgwh.neu.edu.cn/2925/list.htm","官方页未标注","https://www.neu.edu.cn/xykd/5.htm","2026-08-12复核：浑南校区官方页面明确一、二层供应基本伙食和风味品种，三层设教工食堂；由供餐用途而非建筑总层数确认。","4121010145","confirmed_official_source","2026-08-12"
"沈阳市","辽宁大学","崇山校区","辽宁省沈阳市皇姑区崇山中路66号","桃李园食堂","一楼、二楼、三楼","https://hqgzc.lnu.edu.cn/info/1008/2540.htm","2024-02","https://www.lnu.edu.cn/xxgk/xxjj.htm","2026-08-12复核：官方后勤竣工报道明确桃李园食堂一至三楼档口完成改造；同期营业通知确认二楼供餐。","4121010140","confirmed_official_source","2026-08-12"
"长春市","东北师范大学","净月大街校区","吉林省长春市净月大街2555号","学生二食堂","一楼","https://xxhb.nenu.edu.cn/xinshengyifengxin2020.pdf","官方页未标注","https://xxhb.nenu.edu.cn/xinshengyifengxin2020.pdf","2026-08-12复核：2026-08-11重新查阅高校官方页面；页面同时明确校区、餐饮点和楼层","4122010200","confirmed_official_source","2026-08-12"
"长春市","东北师范大学","净月大街校区","吉林省长春市净月大街2555号","学生一食堂","二楼","https://xxhb.nenu.edu.cn/xinshengyifengxin2020.pdf","官方页未标注","https://xxhb.nenu.edu.cn/xinshengyifengxin2020.pdf","2026-08-12复核：2026-08-11重新查阅高校官方页面；页面同时明确校区、餐饮点和楼层","4122010200","confirmed_official_source","2026-08-12"
"长春市","东北师范大学","人民大街校区","吉林省长春市人民大街5268号","北苑食堂","一楼","https://xxhb.nenu.edu.cn/__local/E/A0/FE/708F143F36DF0FFBD40EC23C91E_A414E41F_A400E.pdf","官方页未标注","https://xxhb.nenu.edu.cn/__local/E/A0/FE/708F143F36DF0FFBD40EC23C91E_A414E41F_A400E.pdf","2026-08-12复核：2026-08-11重新查阅高校官方页面；页面同时明确校区、餐饮点和楼层","4122010200","confirmed_official_source","2026-08-12"
"长春市","东北师范大学","人民大街校区","吉林省长春市人民大街5268号","南苑食堂","一楼","https://xxhb.nenu.edu.cn/__local/E/A0/FE/708F143F36DF0FFBD40EC23C91E_A414E41F_A400E.pdf","官方页未标注","https://xxhb.nenu.edu.cn/__local/E/A0/FE/708F143F36DF0FFBD40EC23C91E_A414E41F_A400E.pdf","2026-08-12复核：2026-08-11重新查阅高校官方页面；页面同时明确校区、餐饮点和楼层","4122010200","confirmed_official_source","2026-08-12"
"杭州市","杭州电子科技大学","下沙校区","浙江省杭州市钱塘区白杨街道2号大街1158号","第六餐厅","B9食堂二楼","https://intedu.hdu.edu.cn/12717/list.htm","","https://intedu.hdu.edu.cn/12717/list.htm","2026-08-12复核：2026-08-11重新查阅高校官方页面；页面同时明确校区、餐饮点和楼层","4133010336","confirmed_official_source","2026-08-12"
"杭州市","杭州电子科技大学","下沙校区","浙江省杭州市钱塘区白杨街道2号大街1158号","第三餐厅","B1食堂一楼","https://intedu.hdu.edu.cn/12717/list.htm","","https://intedu.hdu.edu.cn/12717/list.htm","2026-08-12复核：2026-08-11重新查阅高校官方页面；页面同时明确校区、餐饮点和楼层","4133010336","confirmed_official_source","2026-08-12"
"杭州市","杭州电子科技大学","下沙校区","浙江省杭州市钱塘区白杨街道2号大街1158号","第五餐厅","B9食堂一楼","https://intedu.hdu.edu.cn/12717/list.htm","","https://intedu.hdu.edu.cn/12717/list.htm","2026-08-12复核：2026-08-11重新查阅高校官方页面；页面同时明确校区、餐饮点和楼层","4133010336","confirmed_official_source","2026-08-12"
"杭州市","杭州电子科技大学","下沙校区","浙江省杭州市钱塘区白杨街道2号大街1158号","第一餐厅","B17食堂一楼","https://intedu.hdu.edu.cn/12717/list.htm","","https://intedu.hdu.edu.cn/12717/list.htm","2026-08-12复核：2026-08-11重新查阅高校官方页面；页面同时明确校区、餐饮点和楼层","4133010336","confirmed_official_source","2026-08-12"
"杭州市","杭州电子科技大学","下沙校区","浙江省杭州市钱塘区白杨街道2号大街1158号","风味餐厅","B17食堂三楼","https://intedu.hdu.edu.cn/12717/list.htm","","https://intedu.hdu.edu.cn/12717/list.htm","2026-08-12复核：2026-08-11重新查阅高校官方页面；页面同时明确校区、餐饮点和楼层","4133010336","confirmed_official_source","2026-08-12"
"杭州市","杭州电子科技大学","下沙校区","浙江省杭州市钱塘区白杨街道2号大街1158号","教工餐厅","B1食堂三楼","https://intedu.hdu.edu.cn/12717/list.htm","","https://intedu.hdu.edu.cn/12717/list.htm","2026-08-12复核：2026-08-11重新查阅高校官方页面；页面同时明确校区、餐饮点和楼层","4133010336","confirmed_official_source","2026-08-12"
"杭州市","杭州电子科技大学","下沙校区","浙江省杭州市钱塘区白杨街道2号大街1158号","留学生餐厅","G区食堂二楼","https://intedu.hdu.edu.cn/12717/list.htm","","https://intedu.hdu.edu.cn/12717/list.htm","2026-08-12复核：2026-08-11重新查阅高校官方页面；页面同时明确校区、餐饮点和楼层","4133010336","confirmed_official_source","2026-08-12"
"杭州市","杭州电子科技大学","下沙校区","浙江省杭州市钱塘区白杨街道2号大街1158号","中式快餐餐厅","B17食堂二楼","https://intedu.hdu.edu.cn/12717/list.htm","","https://intedu.hdu.edu.cn/12717/list.htm","2026-08-12复核：2026-08-11重新查阅高校官方页面；页面同时明确校区、餐饮点和楼层","4133010336","confirmed_official_source","2026-08-12"
"杭州市","浙江大学","玉泉校区","浙江省杭州市西湖区浙大路38号","第四食堂","一楼","https://zulg.zju.edu.cn/guide/food.htm","","https://www.zju.edu.cn/xxgk/list.htm","2026-08-12复核：浙江大学后勤集团现行餐饮服务页明确列出“第四食堂一楼”，地点为玉泉校医院对面","4133010335","confirmed_official_source","2026-08-12"
"杭州市","浙江大学","紫金港校区","浙江省杭州市西湖区余杭塘路866号","澄月餐厅二楼","二楼","https://zulg.zju.edu.cn/guide/food.htm","","https://zulg.zju.edu.cn/guide/food.htm","2026-08-12复核：2026-08-11重新查阅高校官方页面；页面同时明确校区、餐饮点和楼层","4133010335","confirmed_official_source","2026-08-12"
"杭州市","浙江大学","紫金港校区","浙江省杭州市西湖区余杭塘路866号","澄月餐厅一楼","一楼","https://zulg.zju.edu.cn/guide/food.htm","","https://zulg.zju.edu.cn/guide/food.htm","2026-08-12复核：2026-08-11重新查阅高校官方页面；页面同时明确校区、餐饮点和楼层","4133010335","confirmed_official_source","2026-08-12"
"杭州市","浙江大学","紫金港校区","浙江省杭州市西湖区余杭塘路866号","东区食堂","紫金港食堂大楼二层东侧","https://zulg.zju.edu.cn/guide/food.htm","","https://zulg.zju.edu.cn/guide/food.htm","2026-08-12复核：2026-08-11重新查阅高校官方页面；页面同时明确校区、餐饮点和楼层","4133010335","confirmed_official_source","2026-08-12"
"杭州市","浙江大学","紫金港校区","浙江省杭州市西湖区余杭塘路866号","风味餐厅","紫金港食堂大楼一层东侧","https://zulg.zju.edu.cn/guide/food.htm","","https://zulg.zju.edu.cn/guide/food.htm","2026-08-12复核：2026-08-11重新查阅高校官方页面；页面同时明确校区、餐饮点和楼层","4133010335","confirmed_official_source","2026-08-12"
"杭州市","浙江大学","紫金港校区","浙江省杭州市西湖区余杭塘路866号","临湖餐厅","一楼、二楼","https://zulg.zju.edu.cn/guide/food.htm","","https://zulg.zju.edu.cn/guide/food.htm","2026-08-12复核：2026-08-11重新查阅高校官方页面；页面同时明确校区、餐饮点和楼层","4133010335","confirmed_official_source","2026-08-12"
"杭州市","浙江大学","紫金港校区","浙江省杭州市西湖区余杭塘路866号","麦香餐厅","紫金港医学专业图书馆一楼","https://zulg.zju.edu.cn/guide/food.htm","","https://zulg.zju.edu.cn/guide/food.htm","2026-08-12复核：2026-08-11重新查阅高校官方页面；页面同时明确校区、餐饮点和楼层","4133010335","confirmed_official_source","2026-08-12"
"杭州市","浙江大学","紫金港校区","浙江省杭州市西湖区余杭塘路866号","民族餐厅","紫金港食堂大楼二层西侧","https://zulg.zju.edu.cn/guide/food.htm","","https://zulg.zju.edu.cn/guide/food.htm","2026-08-12复核：2026-08-11重新查阅高校官方页面；页面同时明确校区、餐饮点和楼层","4133010335","confirmed_official_source","2026-08-12"
"杭州市","浙江大学","紫金港校区","浙江省杭州市西湖区余杭塘路866号","三楼餐厅","紫金港食堂大楼三层东侧","https://zulg.zju.edu.cn/guide/food.htm","","https://zulg.zju.edu.cn/guide/food.htm","2026-08-12复核：2026-08-11重新查阅高校官方页面；页面同时明确校区、餐饮点和楼层","4133010335","confirmed_official_source","2026-08-12"
"杭州市","浙江大学","紫金港校区","浙江省杭州市西湖区余杭塘路866号","西区食堂","紫金港食堂大楼二层西侧","https://zulg.zju.edu.cn/guide/food.htm","","https://zulg.zju.edu.cn/guide/food.htm","2026-08-12复核：2026-08-11重新查阅高校官方页面；页面同时明确校区、餐饮点和楼层","4133010335","confirmed_official_source","2026-08-12"
"杭州市","浙江大学","紫金港校区","浙江省杭州市西湖区余杭塘路866号","休闲餐厅","紫金港食堂大楼一层西侧","https://zulg.zju.edu.cn/guide/food.htm","","https://zulg.zju.edu.cn/guide/food.htm","2026-08-12复核：2026-08-11重新查阅高校官方页面；页面同时明确校区、餐饮点和楼层","4133010335","confirmed_official_source","2026-08-12"
"杭州市","浙江大学","紫金港校区","浙江省杭州市西湖区余杭塘路866号","银泉餐厅二楼","二楼","https://zulg.zju.edu.cn/guide/food.htm","","https://zulg.zju.edu.cn/guide/food.htm","2026-08-12复核：2026-08-11重新查阅高校官方页面；页面同时明确校区、餐饮点和楼层","4133010335","confirmed_official_source","2026-08-12"
"杭州市","浙江大学","紫金港校区","浙江省杭州市西湖区余杭塘路866号","银泉餐厅一楼","一楼","https://zulg.zju.edu.cn/guide/food.htm","","https://zulg.zju.edu.cn/guide/food.htm","2026-08-12复核：2026-08-11重新查阅高校官方页面；页面同时明确校区、餐饮点和楼层","4133010335","confirmed_official_source","2026-08-12"
"杭州市","浙江大学","紫金港校区","浙江省杭州市西湖区余杭塘路866号","玉湖餐厅二楼","二楼","https://zulg.zju.edu.cn/guide/food.htm","","https://zulg.zju.edu.cn/guide/food.htm","2026-08-12复核：2026-08-11重新查阅高校官方页面；页面同时明确校区、餐饮点和楼层","4133010335","confirmed_official_source","2026-08-12"
"杭州市","浙江大学","紫金港校区","浙江省杭州市西湖区余杭塘路866号","玉湖餐厅一楼","一楼","https://zulg.zju.edu.cn/guide/food.htm","","https://zulg.zju.edu.cn/guide/food.htm","2026-08-12复核：2026-08-11重新查阅高校官方页面；页面同时明确校区、餐饮点和楼层","4133010335","confirmed_official_source","2026-08-12"
"杭州市","浙江师范大学","萧山校区","浙江省杭州市萧山区宁围街道萧山高教园区耕文路1108号","校区食堂保障性餐厅","一楼","https://freshman.zjnu.edu.cn/hzxq/list.htm","","https://hys.zjnu.edu.cn/_t389/tzgg/list9.psp","2026-08-12复核：浙江师范大学后勤页面明确萧山校区食堂一楼为保障性餐厅；校区官方页面明确萧山校区地址","4133010345","confirmed_official_source","2026-08-12"
"杭州市","浙江师范大学","萧山校区","浙江省杭州市萧山区宁围街道萧山高教园区耕文路1108号","校区食堂美食餐厅","二楼","https://freshman.zjnu.edu.cn/hzxq/list.htm","","https://hys.zjnu.edu.cn/_t389/tzgg/list9.psp","2026-08-12复核：浙江师范大学后勤页面明确萧山校区食堂二楼为美食餐厅/美食广场；校区官方页面明确地址","4133010345","confirmed_official_source","2026-08-12"
"合肥市","安徽建筑大学","金寨路校区","安徽省合肥市包河区金寨南路856号","北园餐厅二楼食堂","二楼","https://www.ahjzu.edu.cn/hqjt/2023/0704/c7951a219524/page.htm","2023-07-04","https://www.ahjzu.edu.cn/","2026-08-12复核：学校后勤通知明确北校区北园餐厅二楼食堂；学校现行官网把同址校区规范称为金寨路校区","4134010878","confirmed_official_source","2026-08-12"
"合肥市","安徽建筑大学","金寨路校区","安徽省合肥市包河区金寨南路856号","北园餐厅一楼食堂","一楼","https://www.ahjzu.edu.cn/hqjt/2023/0704/c7951a219524/page.htm","2023-07-04","https://www.ahjzu.edu.cn/","2026-08-12复核：学校后勤通知明确北校区北园餐厅一楼食堂；学校现行官网把同址校区规范称为金寨路校区","4134010878","confirmed_official_source","2026-08-12"
"合肥市","安徽建筑大学","紫云路校区","安徽省合肥市蜀山区紫云路292号","紫云餐厅二楼食堂","二楼","https://www.ahjzu.edu.cn/hqjt/2023/0704/c7951a219524/page.htm","2023-07-04","https://www.ahjzu.edu.cn/","2026-08-12复核：学校后勤通知明确南校区紫云餐厅二楼食堂；学校现行官网把同址校区规范称为紫云路校区","4134010878","confirmed_official_source","2026-08-12"
"合肥市","安徽建筑大学","紫云路校区","安徽省合肥市蜀山区紫云路292号","紫云餐厅三楼食堂（风味窗口）","三楼","https://www.ahjzu.edu.cn/hqjt/2023/0704/c7951a219524/page.htm","2023-07-04","https://www.ahjzu.edu.cn/","2026-08-12复核：学校后勤通知明确南校区紫云餐厅三楼食堂（风味窗口）；学校现行官网把同址校区规范称为紫云路校区","4134010878","confirmed_official_source","2026-08-12"
"合肥市","安徽建筑大学","紫云路校区","安徽省合肥市蜀山区紫云路292号","紫云餐厅一楼食堂","一楼","https://www.ahjzu.edu.cn/hqjt/2023/0704/c7951a219524/page.htm","2023-07-04","https://www.ahjzu.edu.cn/","2026-08-12复核：学校后勤通知明确南校区紫云餐厅一楼食堂；学校现行官网把同址校区规范称为紫云路校区","4134010878","confirmed_official_source","2026-08-12"
"合肥市","合肥工业大学","屯溪路校区","安徽省合肥市屯溪路193号","馨园食堂","二楼大厅","https://zwb.hfut.edu.cn/info/1029/6075.htm","2025-07-08","https://zwb.hfut.edu.cn/info/1029/6075.htm","2026-08-12复核：2026-08-11重新查阅高校官方页面；页面同时明确校区、餐饮点和楼层","4134010359","confirmed_official_source","2026-08-12"
"合肥市","合肥师范学院","滨湖校区","安徽省合肥市黄麓科教园区书香路","二期食堂","一楼","https://hqc.hfnu.edu.cn/info/1362/14201.htm","2025-11-19","https://bhb.hfnu.edu.cn/","2026-08-12复核：学校后勤处2025年现场调度会明确地点为滨湖校区二期食堂一楼，校区管理办公室明确地址","4134014098","confirmed_official_source","2026-08-12"
"济南市","济南大学","主校区","山东省济南市南辛庄西路336号","第八食堂","一楼、二楼、三楼","https://math.ujn.edu.cn/info/1078/8797.htm","2023","https://hqc.ujn.edu.cn/index.htm","2026-08-12复核：学院官方迎新指南说明主校区第八食堂设三层；2024校报文章逐层描述一、二、三楼实际餐饮内容，排除仅建筑层数推断。","4137010427","confirmed_official_source","2026-08-12"
"济南市","济南大学","主校区","山东省济南市南辛庄西路336号","第九食堂","一楼、二楼、三楼","https://math.ujn.edu.cn/info/1078/8787.htm","2023","https://hqc.ujn.edu.cn/index.htm","2026-08-12复核：学院官方迎新地图明确第九食堂有三层美食；2026校报进一步确认三楼餐饮合同，按餐饮用途保留。","4137010427","confirmed_official_source","2026-08-12"
"济南市","山东大学","趵突泉校区","济南市文化西路44号","杏园餐厅","二楼清真、三楼零点区","https://www.istudy.sdu.edu.cn/xysh/ct.htm","官方页未标注","https://www.job.sdu.edu.cn/xqzy.htm","2026-08-12复核：历史A级官方证据快照；校区与餐饮来源当前均返回2xx；已剔除异地校区和不明确楼层","4137010422","confirmed_official_source","2026-08-12"
"济南市","山东大学","洪家楼校区","济南市洪家楼5号","第七食堂","二楼教职工餐厅","https://www.istudy.sdu.edu.cn/xysh/ct.htm","官方页未标注","https://www.job.sdu.edu.cn/xqzy.htm","2026-08-12复核：历史A级官方证据快照；校区与餐饮来源当前均返回2xx；已剔除异地校区和不明确楼层","4137010422","confirmed_official_source","2026-08-12"
"郑州市","郑州大学","主校区","河南省郑州市科学大道100号","风华园二楼餐厅","二楼","https://www7.zzu.edu.cn/hqbzzx/info/1275/1505.htm","官方页未标注","https://ao.zzu.edu.cn/info/1793/5074.htm","2026-08-12复核：历史A级官方证据快照；校区与餐饮来源当前均返回2xx；已剔除异地校区和不明确楼层","4141010459","confirmed_official_source","2026-08-12"
"郑州市","郑州大学","主校区","河南省郑州市科学大道100号","风华园一楼餐厅","一楼","https://www7.zzu.edu.cn/hqbzzx/info/1275/1505.htm","官方页未标注","https://ao.zzu.edu.cn/info/1793/5074.htm","2026-08-12复核：历史A级官方证据快照；校区与餐饮来源当前均返回2xx；已剔除异地校区和不明确楼层","4141010459","confirmed_official_source","2026-08-12"
"郑州市","郑州大学","主校区","河南省郑州市科学大道100号","聚英园餐厅","一楼、二楼","https://www15.zzu.edu.cn/info/1217/78764.htm","2022-04-02","https://ao.zzu.edu.cn/info/1793/5074.htm","2026-08-12复核：校级后勤调研报道明确主校区聚英园一楼餐厅、二楼餐厅，非楼宇层数推断。","4141010459","confirmed_official_source","2026-08-12"
"郑州市","郑州大学","主校区","河南省郑州市科学大道100号","秋穗园二楼餐厅","二楼","https://www.zzu.edu.cn/info/1442/81739.htm","官方页未标注","https://ao.zzu.edu.cn/info/1793/5074.htm","2026-08-12复核：历史A级官方证据快照；校区与餐饮来源当前均返回2xx；已剔除异地校区和不明确楼层","4141010459","confirmed_official_source","2026-08-12"
"郑州市","郑州大学","主校区","河南省郑州市科学大道100号","秋穗园三楼餐厅","三楼","https://www7.zzu.edu.cn/hqbzzx/info/1275/1505.htm","官方页未标注","https://ao.zzu.edu.cn/info/1793/5074.htm","2026-08-12复核：历史A级官方证据快照；校区与餐饮来源当前均返回2xx；已剔除异地校区和不明确楼层","4141010459","confirmed_official_source","2026-08-12"
"郑州市","郑州大学","主校区","河南省郑州市科学大道100号","秋穗园一楼餐厅","一楼","https://www7.zzu.edu.cn/hqbzzx/info/1275/1505.htm","官方页未标注","https://ao.zzu.edu.cn/info/1793/5074.htm","2026-08-12复核：历史A级官方证据快照；校区与餐饮来源当前均返回2xx；已剔除异地校区和不明确楼层","4141010459","confirmed_official_source","2026-08-12"
"广州市","广东工业大学","大学城校区","广东省广州市番禺区广州大学城外环西路100号","东一食堂","一楼","https://www.gdut.edu.cn/info/1709/16567.htm","","https://www.gdut.edu.cn/info/1709/16567.htm","2026-08-12复核：复核仓库广州官方A级种子；核验状态：current_official；校区：大学城校区；餐饮点：东一食堂；楼层原文：一楼；官方来源：https://www.gdut.edu.cn/info/1709/16567.htm","4144011845","confirmed_official_source","2026-08-12"
"广州市","广东工业大学","大学城校区","广东省广州市番禺区广州大学城外环西路100号","西三食堂","一楼、二楼","https://www.gdut.edu.cn/info/1709/16567.htm","","https://www.gdut.edu.cn/info/1709/16567.htm","2026-08-12复核：复核仓库广州官方A级种子；核验状态：current_official；校区：大学城校区；餐饮点：西三食堂；楼层原文：一楼、二楼；官方来源：https://www.gdut.edu.cn/info/1709/16567.htm","4144011845","confirmed_official_source","2026-08-12"
"广州市","广东工业大学","东风路校区","广东省广州市越秀区东风东路729号","北院食堂","一楼","https://yx.gdut.edu.cn/guangdonggongyedaxuexiaoyuankahuiyintongxinshengshiyongzhiyin20240709.pdf","","https://yx.gdut.edu.cn/guangdonggongyedaxuexiaoyuankahuiyintongxinshengshiyongzhiyin20240709.pdf","2026-08-12复核：复核仓库广州官方A级种子；核验状态：current_official；校区：东风路校区；餐饮点：北院食堂；楼层原文：一楼；官方来源：https://yx.gdut.edu.cn/guangdonggongyedaxuexiaoyuankahuiyintongxinshengshiyongzhiyin20240709.pdf","4144011845","confirmed_official_source","2026-08-12"
"广州市","广东工业大学","龙洞校区","广东省广州市天河区迎龙路161号","一期学生公寓食堂","二楼","https://www.gdut.edu.cn/info/1709/16567.htm","","https://www.gdut.edu.cn/info/1709/16567.htm","2026-08-12复核：复核仓库广州官方A级种子；核验状态：current_official；校区：龙洞校区；餐饮点：一期学生公寓食堂；楼层原文：二楼；官方来源：https://www.gdut.edu.cn/info/1709/16567.htm","4144011845","confirmed_official_source","2026-08-12"
"广州市","广东技术师范大学","白云校区","广东省广州市白云区江高镇环镇西路155号","第三食堂","一楼就餐区","https://www.gpnu.edu.cn/info/1037/63391.htm","","https://www.gpnu.edu.cn/info/1040/21299.htm","2026-08-12复核：复核仓库广州官方A级种子；核验状态：current_official；校区：白云校区；餐饮点：第三食堂；楼层原文：一楼就餐区；官方来源：https://www.gpnu.edu.cn/info/1037/63391.htm","4144010577","confirmed_official_source","2026-08-12"
"广州市","广东技术师范大学","白云校区","广东省广州市白云区江高镇环镇西路155号","学生第一食堂","一楼、二楼、三楼","https://www.gpnu.edu.cn/info/1071/34134.htm","","https://www.gpnu.edu.cn/info/1040/21299.htm","2026-08-12复核：复核仓库广州官方A级种子；核验状态：current_official；校区：白云校区；餐饮点：学生第一食堂；楼层原文：一楼、二楼、三楼；官方来源：https://www.gpnu.edu.cn/info/1071/34134.htm；https://www.gpnu.edu.cn/info/1040/21299.htm","4144010577","confirmed_official_source","2026-08-12"
"广州市","广东外语外贸大学","白云山校区","广东省广州市白云区白云大道北2号","清雅园","一楼、二楼、三楼","https://hqc.gdufs.edu.cn/info/1002/1444.htm","","https://hqc.gdufs.edu.cn/info/1002/1444.htm","2026-08-12复核：复核仓库广州官方A级种子；核验状态：current_official；校区：白云山校区；餐饮点：清雅园；楼层原文：一楼、二楼、三楼；官方来源：https://hqc.gdufs.edu.cn/info/1002/1444.htm","4144011846","confirmed_official_source","2026-08-12"
"广州市","广东外语外贸大学","白云山校区","广东省广州市白云区白云大道北2号","学生第二食堂","一楼、二楼","https://hqc.gdufs.edu.cn/info/1002/1444.htm","","https://hqc.gdufs.edu.cn/info/1002/1444.htm","2026-08-12复核：复核仓库广州官方A级种子；核验状态：current_official；校区：白云山校区；餐饮点：学生第二食堂；楼层原文：一楼、二楼；官方来源：https://hqc.gdufs.edu.cn/info/1002/1444.htm","4144011846","confirmed_official_source","2026-08-12"
"广州市","广东外语外贸大学","白云山校区","广东省广州市白云区白云大道北2号","学生第三食堂","一楼","https://hqc.gdufs.edu.cn/info/1002/1444.htm","","https://hqc.gdufs.edu.cn/info/1002/1444.htm","2026-08-12复核：复核仓库广州官方A级种子；核验状态：current_official；校区：白云山校区；餐饮点：学生第三食堂；楼层原文：一楼；官方来源：https://hqc.gdufs.edu.cn/info/1002/1444.htm","4144011846","confirmed_official_source","2026-08-12"
"广州市","广东外语外贸大学","白云山校区","广东省广州市白云区白云大道北2号","学生第一食堂","一楼、二楼、三楼","https://hqc.gdufs.edu.cn/info/1002/1444.htm","","https://hqc.gdufs.edu.cn/info/1002/1444.htm","2026-08-12复核：复核仓库广州官方A级种子；核验状态：current_official；校区：白云山校区；餐饮点：学生第一食堂；楼层原文：一楼、二楼、三楼；官方来源：https://hqc.gdufs.edu.cn/info/1002/1444.htm","4144011846","confirmed_official_source","2026-08-12"
"广州市","广东外语外贸大学","大学城校区","广东省广州市番禺区广州大学城外环东路178号","学生第二食堂（博雅园）","一楼、二楼","https://hqc.gdufs.edu.cn/info/1002/1444.htm","","https://hqc.gdufs.edu.cn/info/1002/1444.htm","2026-08-12复核：复核仓库广州官方A级种子；核验状态：current_official；校区：大学城校区；餐饮点：学生第二食堂（博雅园）；楼层原文：一楼、二楼；官方来源：https://hqc.gdufs.edu.cn/info/1002/1444.htm","4144011846","confirmed_official_source","2026-08-12"
"广州市","广东外语外贸大学","大学城校区","广东省广州市番禺区广州大学城外环东路178号","学生第三食堂（风采园）","一楼、二楼","https://hqc.gdufs.edu.cn/info/1002/1444.htm","","https://hqc.gdufs.edu.cn/info/1002/1444.htm","2026-08-12复核：复核仓库广州官方A级种子；核验状态：current_official；校区：大学城校区；餐饮点：学生第三食堂（风采园）；楼层原文：一楼、二楼；官方来源：https://hqc.gdufs.edu.cn/info/1002/1444.htm","4144011846","confirmed_official_source","2026-08-12"
"广州市","广东外语外贸大学","大学城校区","广东省广州市番禺区广州大学城外环东路178号","学生第一食堂（文采园）","一楼、二楼","https://hqc.gdufs.edu.cn/info/1002/1444.htm","","https://hqc.gdufs.edu.cn/info/1002/1444.htm","2026-08-12复核：复核仓库广州官方A级种子；核验状态：current_official；校区：大学城校区；餐饮点：学生第一食堂（文采园）；楼层原文：一楼、二楼；官方来源：https://hqc.gdufs.edu.cn/info/1002/1444.htm","4144011846","confirmed_official_source","2026-08-12"
"广州市","广州美术学院","昌岗校区","广东省广州市海珠区昌岗东路257号","师生食堂","一、二层","https://cgzx2.gzarts.edu.cn/portalwebController.do?goArticleDetail=&id=8a8a86da9470f1430194986ef44968e1","","https://cgzx2.gzarts.edu.cn/portalwebController.do?goArticleDetail=&id=8a8a86da9470f1430194986ef44968e1","2026-08-12复核：复核仓库广州官方A级种子；核验状态：current_official；校区：昌岗校区；餐饮点：师生食堂；楼层原文：一、二层；官方来源：https://cgzx2.gzarts.edu.cn/portalwebController.do?goArticleDetail=&id=8a8a86da9470f1430194986ef44968e1","4144010586","confirmed_official_source","2026-08-12"
"广州市","广州南方学院","广州从化校区","广东省广州市从化区温泉大道882号","第六食堂","中区二、三层","https://www.nfu.edu.cn/xyfw/syxx/shfw.htm","","https://www.nfu.edu.cn/xyfw/syxx/shfw.htm","2026-08-12复核：复核仓库广州官方A级种子；核验状态：current_official；校区：广州从化校区；餐饮点：第六食堂；楼层原文：中区二、三层；官方来源：https://www.nfu.edu.cn/xyfw/syxx/shfw.htm","4144012619","confirmed_official_source","2026-08-12"
"广州市","广州南方学院","广州从化校区","广东省广州市从化区温泉大道882号","第三食堂","东区一层","https://www.nfu.edu.cn/xyfw/syxx/shfw.htm","","https://www.nfu.edu.cn/xyfw/syxx/shfw.htm","2026-08-12复核：复核仓库广州官方A级种子；核验状态：current_official；校区：广州从化校区；餐饮点：第三食堂；楼层原文：东区一层；官方来源：https://www.nfu.edu.cn/xyfw/syxx/shfw.htm","4144012619","confirmed_official_source","2026-08-12"
"广州市","广州南方学院","广州从化校区","广东省广州市从化区温泉大道882号","第四食堂","东区二层","https://www.nfu.edu.cn/xyfw/syxx/shfw.htm","","https://www.nfu.edu.cn/xyfw/syxx/shfw.htm","2026-08-12复核：复核仓库广州官方A级种子；核验状态：current_official；校区：广州从化校区；餐饮点：第四食堂；楼层原文：东区二层；官方来源：https://www.nfu.edu.cn/xyfw/syxx/shfw.htm","4144012619","confirmed_official_source","2026-08-12"
"广州市","广州南方学院","广州从化校区","广东省广州市从化区温泉大道882号","第五食堂","中区一层","https://www.nfu.edu.cn/xyfw/syxx/shfw.htm","","https://www.nfu.edu.cn/xyfw/syxx/shfw.htm","2026-08-12复核：复核仓库广州官方A级种子；核验状态：current_official；校区：广州从化校区；餐饮点：第五食堂；楼层原文：中区一层；官方来源：https://www.nfu.edu.cn/xyfw/syxx/shfw.htm","4144012619","confirmed_official_source","2026-08-12"
"广州市","广州南方学院","广州从化校区","广东省广州市从化区温泉大道882号","西区食堂","西区一、二层","https://www.nfu.edu.cn/xyfw/syxx/shfw.htm","","https://www.nfu.edu.cn/xyfw/syxx/shfw.htm","2026-08-12复核：复核仓库广州官方A级种子；核验状态：current_official；校区：广州从化校区；餐饮点：西区食堂；楼层原文：西区一、二层；官方来源：https://www.nfu.edu.cn/xyfw/syxx/shfw.htm","4144012619","confirmed_official_source","2026-08-12"
"广州市","广州医科大学","番禺校区","广东省广州市番禺区新造镇新造路1号","番禺校区食堂","一楼、二楼、四楼","https://www.gzhmu.edu.cn/xyfw/syxx/shfw/cy.htm","","https://www.gzhmu.edu.cn/xyfw/syxx/shfw/cy.htm","2026-08-12复核：复核仓库广州官方A级种子；核验状态：current_official；校区：番禺校区；餐饮点：番禺校区食堂；楼层原文：一楼、二楼、四楼；官方来源：https://www.gzhmu.edu.cn/xyfw/syxx/shfw/cy.htm","4144010570","confirmed_official_source","2026-08-12"
"广州市","广州医科大学","越秀校区","广东省广州市越秀区东风西路195号","越秀校区食堂","二楼餐饮区","https://www.gzhmu.edu.cn/xyfw/syxx/shfw/cy.htm","","https://www.gzhmu.edu.cn/xyfw/syxx/shfw/cy.htm","2026-08-12复核：复核仓库广州官方A级种子；核验状态：current_official；校区：越秀校区；餐饮点：越秀校区食堂；楼层原文：二楼餐饮区；官方来源：https://www.gzhmu.edu.cn/xyfw/syxx/shfw/cy.htm","4144010570","confirmed_official_source","2026-08-12"
"广州市","广州中医药大学","大学城校区","广东省广州市番禺区广州大学城外环东路232号","第二食堂","一楼、二楼","https://xxgk.gzucm.edu.cn/__local/C/71/38/B89F2EFFB9AF053366274F17AFB_FD586B2A_3A4A1.pdf","","https://hqglc.gzucm.edu.cn/info/1004/2227.htm","2026-08-12复核：复核仓库广州官方A级种子；核验状态：confirmed_official；校区：大学城校区；餐饮点：第二食堂；楼层原文：一楼、二楼；官方来源：https://xxgk.gzucm.edu.cn/__local/C/71/38/B89F2EFFB9AF053366274F17AFB_FD586B2A_3A4A1.pdf；https://hqglc.gzucm.edu.cn/info/1004/2227.htm","4144010572","confirmed_official_source","2026-08-12"
"广州市","广州中医药大学","大学城校区","广东省广州市番禺区广州大学城外环东路232号","第一食堂","一楼、二楼、三楼","https://www.gzucm.edu.cn/xxgk/xxjj.htm","","https://hqglc.gzucm.edu.cn/info/1004/2227.htm","2026-08-12复核：复核仓库广州官方A级种子；核验状态：confirmed_official；校区：大学城校区；餐饮点：第一食堂；楼层原文：一楼、二楼、三楼；官方来源：https://www.gzucm.edu.cn/xxgk/xxjj.htm；https://hqglc.gzucm.edu.cn/info/1004/2227.htm","4144010572","confirmed_official_source","2026-08-12"
"广州市","广州中医药大学","三元里校区","广东省广州市白云区机场路12号","学生食堂","北栋首层、二层","https://hqglc.gzucm.edu.cn/info/1004/2021.htm","","https://hqglc.gzucm.edu.cn/info/1004/2021.htm","2026-08-12复核：复核仓库广州官方A级种子；核验状态：confirmed_official；校区：三元里校区；餐饮点：学生食堂；楼层原文：北栋首层、二层；官方来源：https://hqglc.gzucm.edu.cn/info/1004/2021.htm","4144010572","confirmed_official_source","2026-08-12"
"广州市","华南理工大学","大学城校区","广东省广州市番禺区广州大学城外环东路382号","学生第一饭堂清真餐饮区","三楼","https://sie.scut.edu.cn/2021/0608/c29524a432354/page.htm","","https://sie.scut.edu.cn/2021/0608/c29524a432354/page.htm","2026-08-12复核：复核仓库广州官方A级种子；核验状态：current_official；校区：大学城校区；餐饮点：学生第一饭堂清真餐饮区；楼层原文：三楼；官方来源：https://sie.scut.edu.cn/2021/0608/c29524a432354/page.htm","4144010561","confirmed_official_source","2026-08-12"
"广州市","华南理工大学","五山校区","广东省广州市天河区五山路381号","西湖苑宾馆餐厅","西湖苑宾馆一楼","https://sie.scut.edu.cn/2021/0608/c29524a432354/page.htm","","https://sie.scut.edu.cn/2021/0608/c29524a432354/page.htm","2026-08-12复核：复核仓库广州官方A级种子；核验状态：current_official；校区：五山校区；餐饮点：西湖苑宾馆餐厅；楼层原文：西湖苑宾馆一楼；官方来源：https://sie.scut.edu.cn/2021/0608/c29524a432354/page.htm","4144010561","confirmed_official_source","2026-08-12"
"广州市","华南理工大学","五山校区","广东省广州市天河区五山路381号","校园咖啡屋","逸夫人文馆一楼","https://sie.scut.edu.cn/2021/0608/c29524a432354/page.htm","","https://sie.scut.edu.cn/2021/0608/c29524a432354/page.htm","2026-08-12复核：复核仓库广州官方A级种子；核验状态：current_official；校区：五山校区；餐饮点：校园咖啡屋；楼层原文：逸夫人文馆一楼；官方来源：https://sie.scut.edu.cn/2021/0608/c29524a432354/page.htm","4144010561","confirmed_official_source","2026-08-12"
"广州市","华南农业大学","五山校部","广东省广州市天河区五山路483号","莘园食堂","二楼","https://www.scau.edu.cn/17623/list.htm","","https://www.scau.edu.cn/2026/0101/c17646a426088/page.htm","2026-08-12复核：复核仓库广州官方A级种子；核验状态：current_official；校区：五山校部；餐饮点：莘园食堂；楼层原文：二楼；官方来源：https://www.scau.edu.cn/17623/list.htm；https://www.scau.edu.cn/2026/0101/c17646a426088/page.htm","4144010564","confirmed_official_source","2026-08-12"
"广州市","华南师范大学","广州校区大学城校园","广东省广州市番禺区广州大学城外环西路378号","翰园","二楼校友用餐专区","https://youth.scnu.edu.cn/news/2025/0304/18326.html","","https://news.scnu.edu.cn/20277","2026-08-12复核：复核仓库广州官方A级种子；核验状态：current_official；校区：广州校区大学城校园；餐饮点：翰园；楼层原文：二楼校友用餐专区；官方来源：https://youth.scnu.edu.cn/news/2025/0304/18326.html；https://news.scnu.edu.cn/20277","4144010574","confirmed_official_source","2026-08-12"
"广州市","华南师范大学","广州校区石牌校园","广东省广州市天河区中山大道西55号","沁园","二楼校友用餐专区","https://youth.scnu.edu.cn/news/2025/0304/18326.html","","https://news.scnu.edu.cn/20277","2026-08-12复核：复核仓库广州官方A级种子；核验状态：current_official；校区：广州校区石牌校园；餐饮点：沁园；楼层原文：二楼校友用餐专区；官方来源：https://youth.scnu.edu.cn/news/2025/0304/18326.html；https://news.scnu.edu.cn/20277","4144010574","confirmed_official_source","2026-08-12"
"广州市","暨南大学","石牌校区（校本部）","广东省广州市天河区黄埔大道西601号","第三学生饭堂","膳堂大楼三楼","https://jnedp.jnu.edu.cn/xnct/list.htm","","https://www.jnu.edu.cn/yybb/list.htm","2026-08-12复核：复核仓库广州官方A级种子；核验状态：current_official；校区：石牌校区（校本部）；餐饮点：第三学生饭堂；楼层原文：膳堂大楼三楼；官方来源：https://jnedp.jnu.edu.cn/xnct/list.htm；https://www.jnu.edu.cn/yybb/list.htm","4144010559","confirmed_official_source","2026-08-12"
"广州市","暨南大学","石牌校区（校本部）","广东省广州市天河区黄埔大道西601号","第五学生饭堂","膳堂大楼二楼","https://jnedp.jnu.edu.cn/xnct/list.htm","","https://www.jnu.edu.cn/yybb/list.htm","2026-08-12复核：复核仓库广州官方A级种子；核验状态：current_official；校区：石牌校区（校本部）；餐饮点：第五学生饭堂；楼层原文：膳堂大楼二楼；官方来源：https://jnedp.jnu.edu.cn/xnct/list.htm；https://www.jnu.edu.cn/yybb/list.htm","4144010559","confirmed_official_source","2026-08-12"
"广州市","暨南大学","石牌校区（校本部）","广东省广州市天河区黄埔大道西601号","第一学生饭堂","膳堂大楼首层","https://jnedp.jnu.edu.cn/xnct/list.htm","","https://www.jnu.edu.cn/yybb/list.htm","2026-08-12复核：复核仓库广州官方A级种子；核验状态：current_official；校区：石牌校区（校本部）；餐饮点：第一学生饭堂；楼层原文：膳堂大楼首层；官方来源：https://jnedp.jnu.edu.cn/xnct/list.htm；https://www.jnu.edu.cn/yybb/list.htm","4144010559","confirmed_official_source","2026-08-12"
"广州市","南方医科大学","校本部（广州）","广东省广州市白云区沙太南路1023-1063号","学生二食堂","17 栋西侧对面二楼","https://portal.smu.edu.cn/twh/info/1046/1601.htm","","https://portal.smu.edu.cn/bkzs/info/1294/2494.htm","2026-08-12复核：复核仓库广州官方A级种子；核验状态：confirmed_official；校区：校本部（广州）；餐饮点：学生二食堂；楼层原文：17 栋西侧对面二楼；官方来源：https://portal.smu.edu.cn/twh/info/1046/1601.htm","4144012121","confirmed_official_source","2026-08-12"
"广州市","南方医科大学","校本部（广州）","广东省广州市白云区沙太南路1023-1063号","学生三食堂","17 栋西侧对面三楼","https://portal.smu.edu.cn/twh/info/1046/1601.htm","","https://portal.smu.edu.cn/bkzs/info/1294/2494.htm","2026-08-12复核：复核仓库广州官方A级种子；核验状态：confirmed_official；校区：校本部（广州）；餐饮点：学生三食堂；楼层原文：17 栋西侧对面三楼；官方来源：https://portal.smu.edu.cn/twh/info/1046/1601.htm","4144012121","confirmed_official_source","2026-08-12"
"广州市","南方医科大学","校本部（广州）","广东省广州市白云区沙太南路1023-1063号","学生四食堂","17 栋西侧对面四楼","https://portal.smu.edu.cn/twh/info/1046/1601.htm","","https://portal.smu.edu.cn/bkzs/info/1294/2494.htm","2026-08-12复核：复核仓库广州官方A级种子；核验状态：confirmed_official；校区：校本部（广州）；餐饮点：学生四食堂；楼层原文：17 栋西侧对面四楼；官方来源：https://portal.smu.edu.cn/twh/info/1046/1601.htm","4144012121","confirmed_official_source","2026-08-12"
"广州市","南方医科大学","校本部（广州）","广东省广州市白云区沙太南路1023-1063号","学生一食堂","17 栋西侧对面一楼","https://portal.smu.edu.cn/twh/info/1046/1601.htm","","https://portal.smu.edu.cn/bkzs/info/1294/2494.htm","2026-08-12复核：复核仓库广州官方A级种子；核验状态：confirmed_official；校区：校本部（广州）；餐饮点：学生一食堂；楼层原文：17 栋西侧对面一楼；官方来源：https://portal.smu.edu.cn/twh/info/1046/1601.htm；https://portal.smu.edu.cn/bkzs/info/1294/2494.htm","4144012121","confirmed_official_source","2026-08-12"
"广州市","中山大学","广州校区北校园","广东省广州市越秀区中山二路74号","杏林阁教工餐厅","护理学院首层","https://www.sysu.edu.cn/zdkd1/xysh.htm","","https://www.sysu.edu.cn/zdkd1/xysh.htm","2026-08-12复核：复核仓库广州官方A级种子；核验状态：current_official；校区：广州校区北校园；餐饮点：杏林阁教工餐厅；楼层原文：护理学院首层；官方来源：https://www.sysu.edu.cn/zdkd1/xysh.htm","4144010558","confirmed_official_source","2026-08-12"
"广州市","中山大学","广州校区北校园","广东省广州市越秀区中山二路74号","学一食堂","学生宿舍区综合楼一、二、三楼","https://www.sysu.edu.cn/zdkd1/xysh.htm","","https://www.sysu.edu.cn/zdkd1/xysh.htm","2026-08-12复核：复核仓库广州官方A级种子；核验状态：current_official；校区：广州校区北校园；餐饮点：学一食堂；楼层原文：学生宿舍区综合楼一、二、三楼；官方来源：https://www.sysu.edu.cn/zdkd1/xysh.htm","4144010558","confirmed_official_source","2026-08-12"
"广州市","中山大学","广州校区东校园","广东省广州市番禺区广州大学城外环东路132号","学二食堂","明德园 11 号楼二层","https://www.sysu.edu.cn/zdkd1/xysh.htm","","https://www.sysu.edu.cn/zdkd1/xysh.htm","2026-08-12复核：复核仓库广州官方A级种子；核验状态：current_official；校区：广州校区东校园；餐饮点：学二食堂；楼层原文：明德园 11 号楼二层；官方来源：https://www.sysu.edu.cn/zdkd1/xysh.htm","4144010558","confirmed_official_source","2026-08-12"
"广州市","中山大学","广州校区东校园","广东省广州市番禺区广州大学城外环东路132号","学三食堂","至善园 11 号楼首层","https://www.sysu.edu.cn/zdkd1/xysh.htm","","https://www.sysu.edu.cn/zdkd1/xysh.htm","2026-08-12复核：复核仓库广州官方A级种子；核验状态：current_official；校区：广州校区东校园；餐饮点：学三食堂；楼层原文：至善园 11 号楼首层；官方来源：https://www.sysu.edu.cn/zdkd1/xysh.htm","4144010558","confirmed_official_source","2026-08-12"
"广州市","中山大学","广州校区东校园","广东省广州市番禺区广州大学城外环东路132号","学四食堂","至善园 11 号楼二层","https://www.sysu.edu.cn/zdkd1/xysh.htm","","https://www.sysu.edu.cn/zdkd1/xysh.htm","2026-08-12复核：复核仓库广州官方A级种子；核验状态：current_official；校区：广州校区东校园；餐饮点：学四食堂；楼层原文：至善园 11 号楼二层；官方来源：https://www.sysu.edu.cn/zdkd1/xysh.htm","4144010558","confirmed_official_source","2026-08-12"
"广州市","中山大学","广州校区东校园","广东省广州市番禺区广州大学城外环东路132号","学一食堂","明德园 11 号楼首层","https://www.sysu.edu.cn/zdkd1/xysh.htm","","https://www.sysu.edu.cn/zdkd1/xysh.htm","2026-08-12复核：复核仓库广州官方A级种子；核验状态：current_official；校区：广州校区东校园；餐饮点：学一食堂；楼层原文：明德园 11 号楼首层；官方来源：https://www.sysu.edu.cn/zdkd1/xysh.htm","4144010558","confirmed_official_source","2026-08-12"
"南宁市","广西大学","广西大学主校区","广西南宁市大学东路100号","萃苑餐厅","一楼","https://www.gxu.edu.cn/info/1364/30499.htm","","https://www.gxu.edu.cn/","2026-08-12复核：历史A级官方证据快照；校区与餐饮来源当前均返回2xx；已剔除异地校区和不明确楼层","4145010593","confirmed_official_source","2026-08-12"
"南宁市","广西大学","广西大学主校区","广西南宁市大学东路100号","南苑餐厅","一楼","https://www.gxu.edu.cn/info/1364/30499.htm","","https://www.gxu.edu.cn/","2026-08-12复核：历史A级官方证据快照；校区与餐饮来源当前均返回2xx；已剔除异地校区和不明确楼层","4145010593","confirmed_official_source","2026-08-12"
"南宁市","广西大学","广西大学主校区","广西南宁市大学东路100号","秀苑餐厅","一楼、二楼","https://www.gxu.edu.cn/info/1004/32126.htm","","https://www.gxu.edu.cn/","2026-08-12复核：历史A级官方证据快照；校区与餐饮来源当前均返回2xx；已剔除异地校区和不明确楼层","4145010593","confirmed_official_source","2026-08-12"
"南宁市","广西中医药大学","仙葫校区","广西壮族自治区南宁市青秀区五合大道13号","五和食堂二、三楼餐厅","二楼、三楼","https://www.gxtcmu.edu.cn/hqc/ksjs/content_67896","2024-01-04","https://www.gxtcmu.edu.cn/upload/history/main/uploadfiles/xwzx/2018/6/201806151935102987.pdf","2026-08-12复核：学校后勤膳食科简介明确仙葫校区五和食堂二、三楼餐厅为社会化服务食堂，官方招生资料明确校区地址","4145010600","confirmed_official_source","2026-08-12"
"南宁市","广西中医药大学","仙葫校区","广西壮族自治区南宁市青秀区五合大道13号","五和食堂一楼餐厅","一楼","https://www.gxtcmu.edu.cn/hqc/ksjs/content_67896","2024-01-04","https://www.gxtcmu.edu.cn/upload/history/main/uploadfiles/xwzx/2018/6/201806151935102987.pdf","2026-08-12复核：学校后勤膳食科简介明确仙葫校区五和食堂一楼餐厅为校自营食堂，官方招生资料明确校区地址","4145010600","confirmed_official_source","2026-08-12"
"海口市","海南大学","观澜湖校区","海南省海口市龙华区龙桥镇羊山大道52号","湖畔餐厅","一楼","https://he.hainanu.edu.cn/baozhang/info/1038/11333.htm","","https://yx.hainanu.edu.cn/xsdh/xzhd1.htm","2026-08-12复核：历史A级官方证据快照；校区与餐饮来源当前均返回2xx；已剔除异地校区和不明确楼层","4146010589","confirmed_official_source","2026-08-12"
"海口市","海南大学","观澜湖校区","海南省海口市龙华区龙桥镇羊山大道52号","湖畔餐厅（一期）二、三楼食堂","二楼、三楼","https://bidding.hainanu.edu.cn/info/1017/11896.htm","2026-06-05","https://mh.hainanu.edu.cn/info/1010/1362.htm","2026-08-12复核：海南大学采购招标中心2026年公告明确观澜湖校区一期湖畔餐厅二楼和三楼食堂；校区管委会明确门牌地址","4146010589","confirmed_official_source","2026-08-12"
"海口市","海南大学","海甸校区","海南省海口市美兰区人民大道58号","第六食堂二楼","二楼","https://he.hainanu.edu.cn/baozhang/info/1061/19933.htm","","https://www.hainanu.edu.cn/zjhd/hdzc.htm","2026-08-12复核：历史A级官方证据快照；校区与餐饮来源当前均返回2xx；已剔除异地校区和不明确楼层","4146010589","confirmed_official_source","2026-08-12"
"海口市","海南大学","海甸校区","海南省海口市美兰区人民大道58号","第六学生食堂三楼","三楼","https://he.hainanu.edu.cn/baozhang/info/1038/11333.htm","2023","https://www.hainanu.edu.cn/zjhd/hdzc.htm","2026-08-12复核：海南大学官方校园生活指南明确海甸校区第六学生食堂三楼的供餐内容和时间；2025年维修公告继续列明六食堂三楼","4146010589","confirmed_official_source","2026-08-12"
"海口市","海南大学","海甸校区","海南省海口市美兰区人民大道58号","第六学生食堂一楼","一楼","https://bidding.hainanu.edu.cn/info/1017/7466.htm","2025-05-31","https://www.hainanu.edu.cn/zjhd/hdzc.htm","2026-08-12复核：海南大学采购招标中心2025年委托经营公告明确海甸校区第六食堂一楼，合同期至2028年7月","4146010589","confirmed_official_source","2026-08-12"
"海口市","海南大学","海甸校区","海南省海口市美兰区人民大道58号","第五学生食堂二楼","二楼","https://bidding.hainanu.edu.cn/info/1017/7466.htm","2025-05-31","https://www.hainanu.edu.cn/zjhd/hdzc.htm","2026-08-12复核：海南大学采购招标中心2025年委托经营公告明确海甸校区第五食堂二楼，合同期至2028年7月","4146010589","confirmed_official_source","2026-08-12"
"海口市","海南大学","海甸校区","海南省海口市美兰区人民大道58号","第五学生食堂一楼","一楼","https://he.hainanu.edu.cn/baozhang/info/1061/19933.htm","","https://www.hainanu.edu.cn/zjhd/hdzc.htm","2026-08-12复核：历史A级官方证据快照；校区与餐饮来源当前均返回2xx；已剔除异地校区和不明确楼层","4146010589","confirmed_official_source","2026-08-12"
"海口市","海南大学","海甸校区","海南省海口市美兰区人民大道58号","第一食堂一楼","一楼","https://he.hainanu.edu.cn/baozhang/info/1033/13763.htm","2025-01","https://www.hainanu.edu.cn/zjhd/hdzc.htm","2026-08-12复核：海南大学2025年寒假生活指南明确海甸校区第一食堂一楼供餐；校区官网明确地址","4146010589","confirmed_official_source","2026-08-12"
"重庆市","重庆大学","沙坪坝校区A校园","重庆市沙坪坝区沙正街174号","学生一食堂","一楼","https://www.cqu.edu.cn/info/1631/65061.htm","2026-01-28","https://www.cqu.edu.cn/info/1631/65061.htm","2026-08-12复核：重庆大学官方2026年后勤安排明确列出“A校园：学生一食堂一楼”","4150010611","confirmed_official_source","2026-08-12"
"重庆市","重庆大学","沙坪坝校区A校园","重庆市沙坪坝区沙正街174号","学苑美食城","二楼、三楼","https://hqc.cqu.edu.cn/fwzn/ysfwzx.htm","","https://hqc.cqu.edu.cn/fwzn/ysfwzx.htm","2026-08-12复核：重庆大学后勤管理处饮食服务中心现行服务页明确标注A区学苑美食城位于2、3楼","4150010611","confirmed_official_source","2026-08-12"
"重庆市","重庆大学","沙坪坝校区B校园","重庆市沙坪坝区沙北街83号","新苑风味餐厅","二楼","https://hqc.cqu.edu.cn/fwzn/ysfwzx.htm","","https://hqc.cqu.edu.cn/fwzn/ysfwzx.htm","2026-08-12复核：重庆大学后勤管理处饮食服务中心现行服务页明确标注B区新苑风味餐厅位于二楼","4150010611","confirmed_official_source","2026-08-12"
"重庆市","重庆大学","沙坪坝校区B校园","重庆市沙坪坝区沙北街83号","新苑美食广场","一楼","https://hqc.cqu.edu.cn/fwzn/ysfwzx.htm","","https://hqc.cqu.edu.cn/fwzn/ysfwzx.htm","2026-08-12复核：重庆大学后勤管理处饮食服务中心现行服务页明确标注B区新苑美食广场位于一楼","4150010611","confirmed_official_source","2026-08-12"
"成都市","西南交通大学","犀浦校区","四川省成都市郫都区犀安路999号","风华苑餐厅","三食堂二楼","https://hqfw.swjtu.edu.cn/xnjdhouqin/phone_article.html?id=42","","https://www.swjtu.edu.cn/","2026-08-12复核：历史A级官方证据快照；校区与餐饮来源当前均返回2xx；已剔除异地校区和不明确楼层","4151010613","confirmed_official_source","2026-08-12"
"成都市","西南交通大学","犀浦校区","四川省成都市郫都区犀安路999号","锦华苑餐厅","二食堂二楼","https://hqfw.swjtu.edu.cn/xnjdhouqin/phone_article.html?id=42","","https://www.swjtu.edu.cn/","2026-08-12复核：历史A级官方证据快照；校区与餐饮来源当前均返回2xx；已剔除异地校区和不明确楼层","4151010613","confirmed_official_source","2026-08-12"
"成都市","西南交通大学","犀浦校区","四川省成都市郫都区犀安路999号","锦馨苑餐厅","四食堂二楼","https://hqfw.swjtu.edu.cn/xnjdhouqin/phone_article.html?id=42","","https://www.swjtu.edu.cn/","2026-08-12复核：历史A级官方证据快照；校区与餐饮来源当前均返回2xx；已剔除异地校区和不明确楼层","4151010613","confirmed_official_source","2026-08-12"
"贵阳市","贵州大学","东校区","贵州省贵阳市花溪区","双馨园食堂","一楼、二楼、三楼","https://www.gzu.edu.cn/17054/list.htm","","https://www.gzu.edu.cn/17054/list.htm","2026-08-12复核：2026-08-11重新查阅高校官方页面；页面同时明确校区、餐饮点和楼层","4152010657","confirmed_official_source","2026-08-12"
"贵阳市","贵州大学","东校区","贵州省贵阳市花溪区","中山园食堂","一楼、二楼","https://www.gzu.edu.cn/17054/list.htm","","https://www.gzu.edu.cn/17054/list.htm","2026-08-12复核：2026-08-11重新查阅高校官方页面；页面同时明确校区、餐饮点和楼层","4152010657","confirmed_official_source","2026-08-12"
"贵阳市","贵州大学","南校区","贵州省贵阳市花溪区","南区学生食堂","一楼、二楼、三楼、四楼","https://www.gzu.edu.cn/17054/list.htm","","https://www.gzu.edu.cn/17054/list.htm","2026-08-12复核：2026-08-11重新查阅高校官方页面；页面同时明确校区、餐饮点和楼层","4152010657","confirmed_official_source","2026-08-12"
"贵阳市","贵州大学","西校区","贵州省贵阳市花溪区","学生二食堂","一楼、二楼","https://www.gzu.edu.cn/17054/list.htm","","https://www.gzu.edu.cn/17054/list.htm","2026-08-12复核：2026-08-11重新查阅高校官方页面；页面同时明确校区、餐饮点和楼层","4152010657","confirmed_official_source","2026-08-12"
"贵阳市","贵州大学","西校区","贵州省贵阳市花溪区","学生三食堂（致和苑）","一楼、二楼","https://www.gzu.edu.cn/17054/list.htm","","https://www.gzu.edu.cn/17054/list.htm","2026-08-12复核：2026-08-11重新查阅高校官方页面；页面同时明确校区、餐饮点和楼层","4152010657","confirmed_official_source","2026-08-12"
"贵阳市","贵州大学","西校区","贵州省贵阳市花溪区","学生四食堂（逸香苑）","一楼、二楼、三楼","https://www.gzu.edu.cn/17054/list.htm","","https://www.gzu.edu.cn/17054/list.htm","2026-08-12复核：2026-08-11重新查阅高校官方页面；页面同时明确校区、餐饮点和楼层","4152010657","confirmed_official_source","2026-08-12"
"贵阳市","贵州大学","西校区","贵州省贵阳市花溪区","学生五食堂（沁雅苑）","一楼、二楼、三楼","https://www.gzu.edu.cn/17054/list.htm","","https://www.gzu.edu.cn/17054/list.htm","2026-08-12复核：2026-08-11重新查阅高校官方页面；页面同时明确校区、餐饮点和楼层","4152010657","confirmed_official_source","2026-08-12"
"贵阳市","贵州大学","西校区","贵州省贵阳市花溪区","学生一食堂","一楼、二楼、三楼、四楼","https://www.gzu.edu.cn/17054/list.htm","","https://www.gzu.edu.cn/17054/list.htm","2026-08-12复核：2026-08-11重新查阅高校官方页面；页面同时明确校区、餐饮点和楼层","4152010657","confirmed_official_source","2026-08-12"
"昆明市","昆明文理学院","龙泉校区","","香樟苑餐厅","后勤综合楼三楼","https://www.caskm.edu.cn/index.php?c=show&id=4616","2024-07-05","https://www.caskm.edu.cn/index.php?c=show&id=4616","2026-08-12复核：昆明文理学院官方龙泉校区服务指引明确香樟苑餐厅位于后勤综合楼3楼；地址未在该官方页面中给出，保持空值不推断","4153013658","confirmed_official_source","2026-08-12"
"昆明市","昆明文理学院","龙泉校区","","紫藤苑餐厅","后勤综合楼二楼","https://www.caskm.edu.cn/index.php?c=show&id=4616","2024-07-05","https://www.caskm.edu.cn/index.php?c=show&id=4616","2026-08-12复核：昆明文理学院官方龙泉校区服务指引明确紫藤苑餐厅位于后勤综合楼2楼；地址未在该官方页面中给出，保持空值不推断","4153013658","confirmed_official_source","2026-08-12"
"昆明市","昆明医科大学","呈贡校区","云南省昆明市呈贡区雨花街道春融西路1168号","东苑二食堂特色小吃点","二楼","https://www.kmmu.edu.cn/Pages_2446_44524.aspx","2022-10-18","https://www.kmmu.edu.cn/Pages_2446_44524.aspx","2026-08-12复核：昆明医科大学官方劳务外包公告明确地址为呈贡校区东苑食堂二楼小吃点","4153010678","confirmed_official_source","2026-08-12"
"昆明市","云南大学","呈贡校区","昆明市呈贡区大学城东外环南路","馀味堂二楼食堂","馀味堂二楼","https://office.ynu.edu.cn/info/1076/1672.htm","","https://www.ynu.edu.cn/","2026-08-12复核：历史A级官方证据快照；校区与餐饮来源当前均返回2xx；已剔除异地校区和不明确楼层","4153010673","confirmed_official_source","2026-08-12"
"昆明市","云南大学","呈贡校区","昆明市呈贡区大学城东外环南路","馀味堂三楼食堂","馀味堂三楼","https://office.ynu.edu.cn/info/1076/1672.htm","","https://www.ynu.edu.cn/","2026-08-12复核：历史A级官方证据快照；校区与餐饮来源当前均返回2xx；已剔除异地校区和不明确楼层","4153010673","confirmed_official_source","2026-08-12"
"昆明市","云南大学","呈贡校区","昆明市呈贡区大学城东外环南路","馀味堂一楼食堂","馀味堂一楼","https://office.ynu.edu.cn/info/1076/1672.htm","","https://www.ynu.edu.cn/","2026-08-12复核：历史A级官方证据快照；校区与餐饮来源当前均返回2xx；已剔除异地校区和不明确楼层","4153010673","confirmed_official_source","2026-08-12"
"昆明市","云南大学","呈贡校区","昆明市呈贡区大学城东外环南路","知味堂二楼食堂","知味堂二楼","https://office.ynu.edu.cn/info/1076/1672.htm","","https://www.ynu.edu.cn/","2026-08-12复核：历史A级官方证据快照；校区与餐饮来源当前均返回2xx；已剔除异地校区和不明确楼层","4153010673","confirmed_official_source","2026-08-12"
"昆明市","云南大学","呈贡校区","昆明市呈贡区大学城东外环南路","知味堂三楼餐厅","知味堂三楼","https://www.hqjt.ynu.edu.cn/info/1028/3901.htm","","https://www.ynu.edu.cn/","2026-08-12复核：历史A级官方证据快照；校区与餐饮来源当前均返回2xx；已剔除异地校区和不明确楼层","4153010673","confirmed_official_source","2026-08-12"
"昆明市","云南大学","呈贡校区","昆明市呈贡区大学城东外环南路","知味堂一楼餐厅","知味堂一楼","https://www.hqjt.ynu.edu.cn/info/1028/3901.htm","","https://www.ynu.edu.cn/","2026-08-12复核：历史A级官方证据快照；校区与餐饮来源当前均返回2xx；已剔除异地校区和不明确楼层","4153010673","confirmed_official_source","2026-08-12"
"拉萨市","西藏大学","纳金校区","西藏自治区拉萨市城关区藏大东路10号","二食堂","二楼","https://xgc.utibet.edu.cn/info/1018/1434.htm","2025-10-29","https://xgc.utibet.edu.cn/info/1019/1279.htm","2026-08-12复核：西藏大学官方2025年午餐会报道明确写明活动地点为“纳金校区二食堂二楼”；校区地址由校方公告独立复核","4154010694","confirmed_official_source","2026-08-12"
"西安市","西安科技大学","临潼校区骊山校园","陕西省西安市临潼区陕鼓大道48号","骊绣苑餐厅","一楼、二楼","https://hq.xust.edu.cn/info/1007/8418.htm","2026-06-25","https://hq.xust.edu.cn/info/1007/8418.htm","2026-08-12复核：西安科技大学后勤处2026年档口引进公告明确项目地点为临潼校区骊山校园骊绣苑一、二层餐厅","4161010704","confirmed_official_source","2026-08-12"
"西安市","西安石油大学","鄠邑校区","陕西省西安市鄠邑区沣京工业园沣京大道18号","学生二食堂","一楼、二楼、三楼","https://www.xsyu.edu.cn/info/1143/9113.htm","2020-03-13","https://yx.xsyu.edu.cn/xxqzl/20200827/12131.html","2026-08-12复核：西安石油大学官方食堂介绍明确学生二食堂一层、二层为学生餐厅、三层为职工餐厅；校方鄠邑校区生活指南复核校区归属","4161010705","confirmed_official_source","2026-08-12"
"西安市","西北大学","长安校区","西安市长安区郭杜教育科技产业区学府大街1号","玉兰苑诚悦园餐厅","二层","https://ysfwzx.nwu.edu.cn/zxgk/ctfwsj1.htm","","https://hqjt.nwu.edu.cn/info/1146/4161.htm","2026-08-12复核：历史A级官方证据快照；校区与餐饮来源当前均返回2xx；已剔除异地校区和不明确楼层","4161010697","confirmed_official_source","2026-08-12"
"西安市","西北大学","长安校区","西安市长安区郭杜教育科技产业区学府大街1号","玉兰苑公颐园餐厅","一层","https://ysfwzx.nwu.edu.cn/zxgk/ctfwsj1.htm","","https://hqjt.nwu.edu.cn/info/1146/4161.htm","2026-08-12复核：历史A级官方证据快照；校区与餐饮来源当前均返回2xx；已剔除异地校区和不明确楼层","4161010697","confirmed_official_source","2026-08-12"
"西安市","西北大学","长安校区","西安市长安区郭杜教育科技产业区学府大街1号","玉兰苑朴园餐厅","四层","https://ysfwzx.nwu.edu.cn/zxgk/ctfwsj1.htm","","https://hqjt.nwu.edu.cn/info/1146/4161.htm","2026-08-12复核：历史A级官方证据快照；校区与餐饮来源当前均返回2xx；已剔除异地校区和不明确楼层","4161010697","confirmed_official_source","2026-08-12"
"西安市","西北大学","长安校区","西安市长安区郭杜教育科技产业区学府大街1号","玉兰苑勤育园餐厅","三层","https://ysfwzx.nwu.edu.cn/zxgk/ctfwsj1.htm","","https://hqjt.nwu.edu.cn/info/1146/4161.htm","2026-08-12复核：历史A级官方证据快照；校区与餐饮来源当前均返回2xx；已剔除异地校区和不明确楼层","4161010697","confirmed_official_source","2026-08-12"
"西安市","西北大学","长安校区","西安市长安区郭杜教育科技产业区学府大街1号","紫荆苑学生二餐厅","二层","https://ysfwzx.nwu.edu.cn/zxgk/ctfwsj1.htm","","https://hqjt.nwu.edu.cn/info/1146/4161.htm","2026-08-12复核：历史A级官方证据快照；校区与餐饮来源当前均返回2xx；已剔除异地校区和不明确楼层","4161010697","confirmed_official_source","2026-08-12"
"西安市","西北大学","长安校区","西安市长安区郭杜教育科技产业区学府大街1号","紫荆苑学生三餐厅","三层","https://ysfwzx.nwu.edu.cn/zxgk/ctfwsj1.htm","","https://hqjt.nwu.edu.cn/info/1146/4161.htm","2026-08-12复核：历史A级官方证据快照；校区与餐饮来源当前均返回2xx；已剔除异地校区和不明确楼层","4161010697","confirmed_official_source","2026-08-12"
"西安市","西北大学","长安校区","西安市长安区郭杜教育科技产业区学府大街1号","紫荆苑学生一餐厅","一层","https://ysfwzx.nwu.edu.cn/zxgk/ctfwsj1.htm","","https://hqjt.nwu.edu.cn/info/1146/4161.htm","2026-08-12复核：历史A级官方证据快照；校区与餐饮来源当前均返回2xx；已剔除异地校区和不明确楼层","4161010697","confirmed_official_source","2026-08-12"
"兰州市","兰州大学","城关校区西区","甘肃省兰州市城关区天水南路222号","丹桂苑食堂","一楼、二楼、三楼","https://zsb.lzu.edu.cn/zhaoshengzixun/changjianwenti/2020/0312/122355.html","2020-03-12","https://zsb.lzu.edu.cn/zhaoshengzixun/changjianwenti/2020/0312/122355.html","2026-08-12复核：2026-08-11重新查阅高校官方页面；页面同时明确校区、餐饮点和楼层","4162010730","confirmed_official_source","2026-08-12"
"兰州市","兰州大学","榆中校区","甘肃省兰州市榆中县夏官营镇","桃李食园（清真）","一楼","https://zsb.lzu.edu.cn/zhaoshengzixun/changjianwenti/2020/0312/122355.html","2020-03-12","https://zsb.lzu.edu.cn/zhaoshengzixun/changjianwenti/2020/0312/122355.html","2026-08-12复核：2026-08-11重新查阅高校官方页面；页面同时明确校区、餐饮点和楼层","4162010730","confirmed_official_source","2026-08-12"
"兰州市","兰州大学","榆中校区","甘肃省兰州市榆中县夏官营镇","玉树苑","一楼、二楼、三楼（第三层为清真食堂）","https://zsb.lzu.edu.cn/zhaoshengzixun/changjianwenti/2020/0312/122355.html","2020-03-12","https://zsb.lzu.edu.cn/zhaoshengzixun/changjianwenti/2020/0312/122355.html","2026-08-12复核：2026-08-11重新查阅高校官方页面；页面同时明确校区、餐饮点和楼层","4162010730","confirmed_official_source","2026-08-12"
"兰州市","兰州大学","榆中校区","甘肃省兰州市榆中县夏官营镇","芝兰苑","一楼、二楼","https://zsb.lzu.edu.cn/zhaoshengzixun/changjianwenti/2020/0312/122355.html","2020-03-12","https://zsb.lzu.edu.cn/zhaoshengzixun/changjianwenti/2020/0312/122355.html","2026-08-12复核：2026-08-11重新查阅高校官方页面；页面同时明确校区、餐饮点和楼层","4162010730","confirmed_official_source","2026-08-12"
"兰州市","兰州大学","榆中校区","甘肃省兰州市榆中县夏官营镇","综合体食堂","负一楼至四楼","https://zsb.lzu.edu.cn/zhaoshengzixun/changjianwenti/2020/0312/122355.html","2020-03-12","https://zsb.lzu.edu.cn/zhaoshengzixun/changjianwenti/2020/0312/122355.html","2026-08-12复核：2026-08-11重新查阅高校官方页面；页面同时明确校区、餐饮点和楼层","4162010730","confirmed_official_source","2026-08-12"
"兰州市","兰州交通大学","校本部","甘肃省兰州市安宁区安宁西路88号","第五食堂（北苑餐厅）","二楼","https://www.lzjtu.edu.cn/info/1373/16675.htm","2026-05-26","https://www.lzjtu.edu.cn/info/1373/16675.htm","2026-08-12复核：兰州交通大学官方2026年饮食文化节报道直接写明第五食堂（北苑餐厅二楼）","4162010732","confirmed_official_source","2026-08-12"
"西宁市","青海师范大学","城北校区","青海省西宁市城北区海湖大道延伸段38号","清真餐厅二楼餐厅","二楼","https://www.qhnu.edu.cn/info/1039/20706.htm","2025-07-25","https://www.qhnu.edu.cn/info/1039/20706.htm","2026-08-12复核：2026-08-11重新查阅高校官方页面；页面同时明确校区、餐饮点和楼层","4163010746","confirmed_official_source","2026-08-12"
"西宁市","青海师范大学","城北校区","青海省西宁市城北区海湖大道延伸段38号","馨园餐厅二楼食堂","二楼","https://www.qhnu.edu.cn/index/tzgg.htm","2026-06-26","https://www.qhnu.edu.cn/index/tzgg.htm","2026-08-12复核：2026-08-11重新查阅高校官方页面；页面同时明确校区、餐饮点和楼层","4163010746","confirmed_official_source","2026-08-12"
"银川市","宁夏大学","怀远校区","宁夏回族自治区银川市西夏区贺兰山西路489号","兰竹苑餐厅","一楼、二楼","https://www.nxu.edu.cn/index/tzgg/254.htm","2025-09-30","https://www.nxu.edu.cn/index/tzgg/254.htm","2026-08-12复核：2026-08-11重新查阅高校官方页面；页面同时明确校区、餐饮点和楼层","4164010749","confirmed_official_source","2026-08-12"
"乌鲁木齐市","新疆农业大学","亚心校区","新疆维吾尔自治区乌鲁木齐市沙依巴克区西山新镇聚安路888号","葡萄苑餐厅","一楼、二楼、三楼","https://xsxy.xjau.edu.cn/5988/list.htm","","https://xsxy.xjau.edu.cn/5988/list.htm","2026-08-12复核：新疆农业大学学生学院官方食堂管理页明确葡萄苑1-2层为基础餐厅、3楼为引导性餐厅，并给出校区地址","4165010758","confirmed_official_source","2026-08-12"
"乌鲁木齐市","新疆农业大学","亚心校区","新疆维吾尔自治区乌鲁木齐市沙依巴克区西山新镇聚安路888号","石榴园餐厅","一楼、二楼、三楼","https://xsxy.xjau.edu.cn/5988/list.htm","","https://xsxy.xjau.edu.cn/5988/list.htm","2026-08-12复核：新疆农业大学学生学院官方食堂管理页明确石榴园餐厅1-3楼均为餐饮经营楼层，并给出校区地址","4165010758","confirmed_official_source","2026-08-12"
"乌鲁木齐市","新疆医科大学","新医路校区","新疆维吾尔自治区乌鲁木齐市新市区新医路393号","新怡餐厅","1号公寓一楼、二楼","https://gjjyxy.xjmu.edu.cn/info/1061/1128.htm","","https://gjjyxy.xjmu.edu.cn/info/1061/1128.htm","2026-08-12复核：2026-08-11重新查阅高校官方页面；页面同时明确校区、餐饮点和楼层","4165010760","confirmed_official_source","2026-08-12"
"乌鲁木齐市","新疆医科大学","新医路校区","新疆维吾尔自治区乌鲁木齐市新市区新医路393号","杏林餐厅","5号公寓楼一楼","https://gjjyxy.xjmu.edu.cn/info/1061/1128.htm","","https://gjjyxy.xjmu.edu.cn/info/1061/1128.htm","2026-08-12复核：2026-08-11重新查阅高校官方页面；页面同时明确校区、餐饮点和楼层","4165010760","confirmed_official_source","2026-08-12"
